Entity,Code,Year,Risk of catastrophic expenditure for surgical care (% of people at risk)
Africa Eastern and Southern,,2009,53.0826317314444
Africa Eastern and Southern,,2010,51.844164755502
Africa Eastern and Southern,,2011,49.9628748762521
Africa Eastern and Southern,,2012,49.3527440980485
Africa Eastern and Southern,,2013,48.8726381131205
Africa Eastern and Southern,,2014,48.8606228011499
Africa Eastern and Southern,,2015,47.5611555762866
Africa Eastern and Southern,,2016,46.0597034280408
Africa Eastern and Southern,,2017,46.891503644262
Africa Eastern and Southern,,2018,48.5361465337983
Africa Eastern and Southern,,2019,48.0045062123251
Africa Eastern and Southern,,2020,46.1012170446863
Africa Western and Central,,2003,53.6513498745171
Africa Western and Central,,2004,48.0694001660379
Africa Western and Central,,2007,51.3908812047292
Africa Western and Central,,2008,56.2468485421684
Africa Western and Central,,2009,55.6655048748389
Africa Western and Central,,2010,54.4353340494732
Africa Western and Central,,2011,54.7804387895021
Africa Western and Central,,2012,53.8021063113204
Africa Western and Central,,2013,48.6814674355393
Africa Western and Central,,2014,49.3270012714751
Africa Western and Central,,2015,47.6686726561849
Africa Western and Central,,2016,50.1689901903684
Africa Western and Central,,2017,52.2398626578676
Africa Western and Central,,2018,46.2405223611395
Africa Western and Central,,2019,45.9834831514489
Africa Western and Central,,2020,49.2151650876726
Algeria,DZA,2003,13.7
Algeria,DZA,2004,19.5
Algeria,DZA,2005,19.8
Algeria,DZA,2006,19.5
Algeria,DZA,2007,18.7
Algeria,DZA,2008,16.1
Algeria,DZA,2009,15.5
Algeria,DZA,2010,16.6
Algeria,DZA,2011,9
Algeria,DZA,2012,6.3
Algeria,DZA,2013,7.2
Algeria,DZA,2014,5.9
Algeria,DZA,2015,7.6
Algeria,DZA,2016,7.6
Algeria,DZA,2017,8.7
Algeria,DZA,2018,7.9
Algeria,DZA,2019,8.9
Algeria,DZA,2020,9.7
Angola,AGO,2003,67.5
Angola,AGO,2004,68.6
Angola,AGO,2005,63.1
Angola,AGO,2006,53.9
Angola,AGO,2007,49.7
Angola,AGO,2008,30.3
Angola,AGO,2009,21.6
Angola,AGO,2010,27.2
Angola,AGO,2011,23.6
Angola,AGO,2012,20.2
Angola,AGO,2013,25.1
Angola,AGO,2014,28.1
Angola,AGO,2015,36.4
Angola,AGO,2016,35.9
Angola,AGO,2017,35.1
Angola,AGO,2018,46.3
Angola,AGO,2019,45.6
Angola,AGO,2020,49.4
Arab World,,2009,32.1893381801006
Arab World,,2010,34.3975221354729
Arab World,,2011,31.1402279110882
Arab World,,2012,34.580005303712
Arab World,,2013,33.8922189427381
Arab World,,2014,32.6003771950988
Arab World,,2015,32.3328844039709
Arab World,,2016,33.3550626076948
Arab World,,2017,30.4660373910384
Arab World,,2018,30.580502063654
Argentina,ARG,2003,17.8
Argentina,ARG,2004,13
Argentina,ARG,2005,15
Argentina,ARG,2006,11.1
Argentina,ARG,2007,9.7
Argentina,ARG,2008,6.1
Argentina,ARG,2009,5.2
Argentina,ARG,2010,4.2
Argentina,ARG,2011,2.8
Argentina,ARG,2012,1.6
Argentina,ARG,2013,1.6
Argentina,ARG,2014,1.7
Argentina,ARG,2015,1.7
Argentina,ARG,2016,2.1
Argentina,ARG,2017,1.6
Argentina,ARG,2018,1.8
Argentina,ARG,2019,1.8
Argentina,ARG,2020,2.2
Armenia,ARM,2003,61.6
Armenia,ARM,2004,54
Armenia,ARM,2005,43.1
Armenia,ARM,2006,33.9
Armenia,ARM,2007,30.7
Armenia,ARM,2008,34.1
Armenia,ARM,2009,39
Armenia,ARM,2010,42.7
Armenia,ARM,2011,36.9
Armenia,ARM,2012,34.4
Armenia,ARM,2013,37.5
Armenia,ARM,2014,38.1
Armenia,ARM,2015,42
Armenia,ARM,2016,41.5
Armenia,ARM,2017,38.2
Armenia,ARM,2018,35.7
Armenia,ARM,2019,32.9
Armenia,ARM,2020,25.3
Australia,AUS,2003,0.8
Australia,AUS,2004,0.6
Australia,AUS,2005,0.7
Australia,AUS,2006,0.6
Australia,AUS,2007,0.5
Australia,AUS,2008,0.7
Australia,AUS,2009,0.9
Australia,AUS,2010,0.6
Australia,AUS,2011,0.7
Australia,AUS,2012,0.6
Australia,AUS,2013,0.6
Australia,AUS,2014,0.6
Australia,AUS,2015,0.6
Australia,AUS,2016,0.5
Australia,AUS,2017,0.5
Australia,AUS,2018,0.5
Australia,AUS,2019,0.5
Australia,AUS,2020,0.4
Austria,AUT,2003,0.3
Austria,AUT,2004,0.4
Austria,AUT,2005,0.2
Austria,AUT,2006,0.3
Austria,AUT,2007,0.4
Austria,AUT,2008,0.4
Austria,AUT,2009,0.4
Austria,AUT,2010,0.3
Austria,AUT,2011,0.3
Austria,AUT,2012,0.3
Austria,AUT,2013,0.3
Austria,AUT,2014,0.3
Austria,AUT,2015,0.4
Austria,AUT,2016,0.4
Austria,AUT,2017,0.3
Austria,AUT,2018,0.3
Austria,AUT,2019,0.2
Austria,AUT,2020,0.2
Azerbaijan,AZE,2003,77.9
Azerbaijan,AZE,2004,75.6
Azerbaijan,AZE,2005,69
Azerbaijan,AZE,2006,59.4
Azerbaijan,AZE,2007,38.1
Azerbaijan,AZE,2008,37.6
Azerbaijan,AZE,2009,28.7
Azerbaijan,AZE,2010,42.9
Azerbaijan,AZE,2011,31.5
Azerbaijan,AZE,2012,27.2
Azerbaijan,AZE,2013,30.8
Azerbaijan,AZE,2014,24.8
Azerbaijan,AZE,2015,30.2
Azerbaijan,AZE,2016,29.9
Azerbaijan,AZE,2017,31.8
Azerbaijan,AZE,2018,33.1
Azerbaijan,AZE,2019,29.8
Azerbaijan,AZE,2020,28.1
Bangladesh,BGD,2003,77.6
Bangladesh,BGD,2004,79.1
Bangladesh,BGD,2005,76.5
Bangladesh,BGD,2006,78.7
Bangladesh,BGD,2007,74.9
Bangladesh,BGD,2008,71.5
Bangladesh,BGD,2009,73
Bangladesh,BGD,2010,73.9
Bangladesh,BGD,2011,68.5
Bangladesh,BGD,2012,70.2
Bangladesh,BGD,2013,69.5
Bangladesh,BGD,2014,68.4
Bangladesh,BGD,2015,65.9
Bangladesh,BGD,2016,64.3
Bangladesh,BGD,2017,65.9
Bangladesh,BGD,2018,60.5
Bangladesh,BGD,2019,56.6
Bangladesh,BGD,2020,55.3
Belarus,BLR,2003,26.7
Belarus,BLR,2004,20.7
Belarus,BLR,2005,23.6
Belarus,BLR,2006,24.9
Belarus,BLR,2007,20
Belarus,BLR,2008,19.1
Belarus,BLR,2009,23.2
Belarus,BLR,2010,16.6
Belarus,BLR,2011,16.8
Belarus,BLR,2012,10.9
Belarus,BLR,2013,11.5
Belarus,BLR,2014,11.2
Belarus,BLR,2015,12.7
Belarus,BLR,2016,6.4
Belarus,BLR,2017,6.5
Belarus,BLR,2018,4.6
Belarus,BLR,2019,4.4
Belarus,BLR,2020,3.1
Belgium,BEL,2003,0.1
Belgium,BEL,2004,0.2
Belgium,BEL,2005,0.1
Belgium,BEL,2006,0.1
Belgium,BEL,2007,0.1
Belgium,BEL,2008,0.1
Belgium,BEL,2009,0.1
Belgium,BEL,2010,0.1
Belgium,BEL,2011,0.1
Belgium,BEL,2012,0
Belgium,BEL,2013,0
Belgium,BEL,2014,0.1
Belgium,BEL,2015,0
Belgium,BEL,2016,0
Belgium,BEL,2017,0
Belgium,BEL,2018,0
Belgium,BEL,2019,0
Belgium,BEL,2020,0
Belize,BLZ,2003,29.4
Belize,BLZ,2004,30.9
Belize,BLZ,2005,28.5
Belize,BLZ,2006,28.2
Belize,BLZ,2007,27
Belize,BLZ,2008,28.9
Belize,BLZ,2009,25.8
Belize,BLZ,2010,25.5
Belize,BLZ,2011,25.5
Belize,BLZ,2012,29.2
Belize,BLZ,2013,26
Belize,BLZ,2014,26.5
Belize,BLZ,2015,26
Belize,BLZ,2016,23.9
Belize,BLZ,2017,26.3
Belize,BLZ,2018,27.9
Belize,BLZ,2019,27.4
Belize,BLZ,2020,28.3
Benin,BEN,2003,56.2
Benin,BEN,2004,53.9
Benin,BEN,2005,52.9
Benin,BEN,2006,54.5
Benin,BEN,2007,49.2
Benin,BEN,2008,49
Benin,BEN,2009,48.6
Benin,BEN,2010,46.9
Benin,BEN,2011,48.1
Benin,BEN,2012,45.7
Benin,BEN,2013,48.5
Benin,BEN,2014,48.6
Benin,BEN,2015,47.6
Benin,BEN,2016,50.5
Benin,BEN,2017,50.5
Benin,BEN,2018,49.7
Benin,BEN,2019,50.9
Benin,BEN,2020,50.2
Bhutan,BTN,2003,23.1
Bhutan,BTN,2004,15.3
Bhutan,BTN,2005,15.7
Bhutan,BTN,2006,10.6
Bhutan,BTN,2007,14.5
Bhutan,BTN,2008,19.6
Bhutan,BTN,2009,17.5
Bhutan,BTN,2010,17.5
Bhutan,BTN,2011,15.3
Bhutan,BTN,2012,25
Bhutan,BTN,2013,12.6
Bhutan,BTN,2014,13.8
Bhutan,BTN,2015,11.7
Bhutan,BTN,2016,13.2
Bhutan,BTN,2017,5
Bhutan,BTN,2018,4.2
Bhutan,BTN,2019,3.1
Bhutan,BTN,2020,2.5
Bolivia,BOL,2003,52.6
Bolivia,BOL,2004,49.1
Bolivia,BOL,2005,51.8
Bolivia,BOL,2006,50.4
Bolivia,BOL,2007,46.7
Bolivia,BOL,2008,40.8
Bolivia,BOL,2009,38.9
Bolivia,BOL,2010,41.9
Bolivia,BOL,2011,38.7
Bolivia,BOL,2012,37.6
Bolivia,BOL,2013,39.9
Bolivia,BOL,2014,34.3
Bolivia,BOL,2015,28.3
Bolivia,BOL,2016,27.3
Bolivia,BOL,2017,22.1
Bolivia,BOL,2018,20.2
Bolivia,BOL,2019,18.6
Bolivia,BOL,2020,7.9
Bosnia and Herzegovina,BIH,2007,11.2
Bosnia and Herzegovina,BIH,2008,10.8
Bosnia and Herzegovina,BIH,2009,5.4
Bosnia and Herzegovina,BIH,2010,5
Bosnia and Herzegovina,BIH,2011,5.6
Bosnia and Herzegovina,BIH,2012,5.9
Bosnia and Herzegovina,BIH,2013,5.1
Bosnia and Herzegovina,BIH,2014,4.7
Bosnia and Herzegovina,BIH,2015,4.2
Bosnia and Herzegovina,BIH,2016,3.9
Bosnia and Herzegovina,BIH,2017,4
Bosnia and Herzegovina,BIH,2018,3.6
Bosnia and Herzegovina,BIH,2019,3
Bosnia and Herzegovina,BIH,2020,2.9
Botswana,BWA,2003,32.3
Botswana,BWA,2004,30.8
Botswana,BWA,2005,30.8
Botswana,BWA,2006,30
Botswana,BWA,2007,25.4
Botswana,BWA,2008,22.1
Botswana,BWA,2009,16.2
Botswana,BWA,2010,14.4
Botswana,BWA,2011,13.3
Botswana,BWA,2012,12.7
Botswana,BWA,2013,11.6
Botswana,BWA,2014,11.5
Botswana,BWA,2015,5.1
Botswana,BWA,2016,5
Botswana,BWA,2017,4.3
Botswana,BWA,2018,4.4
Botswana,BWA,2019,4
Botswana,BWA,2020,1.7
Brazil,BRA,2003,25.5
Brazil,BRA,2004,26.6
Brazil,BRA,2005,25
Brazil,BRA,2006,24.7
Brazil,BRA,2007,21.7
Brazil,BRA,2008,18.4
Brazil,BRA,2009,17.7
Brazil,BRA,2010,16
Brazil,BRA,2011,15.1
Brazil,BRA,2012,15.5
Brazil,BRA,2013,14.2
Brazil,BRA,2014,12.9
Brazil,BRA,2015,13.6
Brazil,BRA,2016,14.9
Brazil,BRA,2017,14.7
Brazil,BRA,2018,15.2
Brazil,BRA,2019,15.3
Brazil,BRA,2020,15.4
Bulgaria,BGR,2006,11.6
Bulgaria,BGR,2007,10.8
Bulgaria,BGR,2008,6.9
Bulgaria,BGR,2009,9.7
Bulgaria,BGR,2010,10
Bulgaria,BGR,2011,9.8
Bulgaria,BGR,2012,11.3
Bulgaria,BGR,2013,11.7
Bulgaria,BGR,2014,10.8
Bulgaria,BGR,2015,11.1
Bulgaria,BGR,2016,14.2
Bulgaria,BGR,2017,10.9
Bulgaria,BGR,2018,11.4
Bulgaria,BGR,2019,10.2
Bulgaria,BGR,2020,9.4
Burkina Faso,BFA,2003,66.1
Burkina Faso,BFA,2004,59.1
Burkina Faso,BFA,2005,60
Burkina Faso,BFA,2006,57.9
Burkina Faso,BFA,2007,51.4
Burkina Faso,BFA,2008,55.3
Burkina Faso,BFA,2009,56.1
Burkina Faso,BFA,2010,51.6
Burkina Faso,BFA,2011,53.5
Burkina Faso,BFA,2012,51.9
Burkina Faso,BFA,2013,52.7
Burkina Faso,BFA,2014,51.3
Burkina Faso,BFA,2015,53.1
Burkina Faso,BFA,2016,46.3
Burkina Faso,BFA,2017,45.6
Burkina Faso,BFA,2018,48.4
Burkina Faso,BFA,2019,45.1
Burkina Faso,BFA,2020,40.8
Burundi,BDI,2003,97
Burundi,BDI,2004,95.9
Burundi,BDI,2005,96.1
Burundi,BDI,2006,96.3
Burundi,BDI,2007,96.2
Burundi,BDI,2008,96.2
Burundi,BDI,2009,93.9
Burundi,BDI,2010,90.6
Burundi,BDI,2011,89.6
Burundi,BDI,2012,85.9
Burundi,BDI,2013,80
Burundi,BDI,2014,91
Burundi,BDI,2015,92.1
Burundi,BDI,2016,88.5
Burundi,BDI,2017,89.1
Burundi,BDI,2018,90.3
Burundi,BDI,2019,90.6
Cameroon,CMR,2003,67.8
Cameroon,CMR,2004,70.3
Cameroon,CMR,2005,69.9
Cameroon,CMR,2006,67.7
Cameroon,CMR,2007,67.2
Cameroon,CMR,2008,68.7
Cameroon,CMR,2009,66.8
Cameroon,CMR,2010,69
Cameroon,CMR,2011,56.1
Cameroon,CMR,2012,65.1
Cameroon,CMR,2013,66.2
Cameroon,CMR,2014,63
Cameroon,CMR,2015,62.3
Cameroon,CMR,2018,64.7
Cameroon,CMR,2019,61.5
Cameroon,CMR,2020,57.3
Canada,CAN,2003,0.6
Canada,CAN,2004,0.6
Canada,CAN,2005,0.7
Canada,CAN,2006,0.5
Canada,CAN,2007,0.5
Canada,CAN,2008,0.5
Canada,CAN,2009,0.5
Canada,CAN,2010,0.4
Canada,CAN,2011,0.4
Canada,CAN,2012,0.3
Canada,CAN,2013,0.3
Canada,CAN,2014,0.3
Canada,CAN,2015,0.3
Canada,CAN,2016,0.4
Canada,CAN,2017,0.2
Canada,CAN,2018,0.3
Canada,CAN,2019,0.3
Canada,CAN,2020,0.3
Cape Verde,CPV,2007,21.1
Cape Verde,CPV,2008,24.2
Cape Verde,CPV,2009,23.3
Cape Verde,CPV,2010,26.2
Cape Verde,CPV,2011,25.2
Cape Verde,CPV,2012,22.9
Cape Verde,CPV,2013,23.3
Cape Verde,CPV,2014,23.5
Cape Verde,CPV,2015,20.9
Cape Verde,CPV,2016,21.4
Cape Verde,CPV,2017,20
Cape Verde,CPV,2018,18.5
Cape Verde,CPV,2019,18
Cape Verde,CPV,2020,16.3
Central African Republic,CAF,2007,76.3
Central Europe and the Baltics,,2004,12.3000194125229
Central Europe and the Baltics,,2005,14.2086599117022
Central Europe and the Baltics,,2006,10.0791478993345
Central Europe and the Baltics,,2007,9.49459821573938
Central Europe and the Baltics,,2008,8.60314847494907
Central Europe and the Baltics,,2009,9.28945997429878
Central Europe and the Baltics,,2010,9.52065735691251
Central Europe and the Baltics,,2011,9.38454918777364
Central Europe and the Baltics,,2012,9.91588824214691
Central Europe and the Baltics,,2013,9.93131158647217
Central Europe and the Baltics,,2014,9.20045026010091
Central Europe and the Baltics,,2015,9.05468398704192
Central Europe and the Baltics,,2016,8.54377375799459
Central Europe and the Baltics,,2017,7.7526663333855
Central Europe and the Baltics,,2018,7.61698809942038
Central Europe and the Baltics,,2019,7.35881580026871
Central Europe and the Baltics,,2020,7.29728073760691
Chad,TCD,2003,6.7
Chad,TCD,2004,16
Chad,TCD,2005,29.8
Chad,TCD,2006,56
Chad,TCD,2007,75.5
Chad,TCD,2008,79
Chad,TCD,2009,73.7
Chad,TCD,2010,73.8
Chad,TCD,2011,71.2
Chad,TCD,2012,67.7
Chad,TCD,2013,64.7
Chad,TCD,2014,63.1
Chad,TCD,2015,65
Chad,TCD,2016,66.1
Chad,TCD,2017,69.6
Chad,TCD,2018,72.3
Chad,TCD,2019,73.2
Chad,TCD,2020,70.7
Chile,CHL,2003,24.4
Chile,CHL,2004,23.2
Chile,CHL,2005,22.4
Chile,CHL,2006,17.9
Chile,CHL,2007,15.8
Chile,CHL,2008,17.9
Chile,CHL,2009,12.5
Chile,CHL,2010,12.3
Chile,CHL,2011,10.5
Chile,CHL,2012,9.3
Chile,CHL,2013,9
Chile,CHL,2014,8.7
Chile,CHL,2015,7.4
Chile,CHL,2016,7.5
Chile,CHL,2017,7.1
Chile,CHL,2018,6.8
Chile,CHL,2019,15
Chile,CHL,2020,16.6
China,CHN,2003,69.7
China,CHN,2004,67.7
China,CHN,2005,62.5
China,CHN,2006,57.3
China,CHN,2007,52.1
China,CHN,2008,44.9
China,CHN,2009,38.4
China,CHN,2010,34.3
China,CHN,2011,27.4
China,CHN,2012,25.6
China,CHN,2013,18.9
China,CHN,2014,17.2
China,CHN,2015,13.3
China,CHN,2016,12.3
China,CHN,2017,11.2
China,CHN,2018,9.5
China,CHN,2019,8
China,CHN,2020,7.8
Colombia,COL,2003,8.7
Colombia,COL,2004,14.3
Colombia,COL,2005,15.4
Colombia,COL,2006,15.6
Colombia,COL,2007,16
Colombia,COL,2008,18.4
Colombia,COL,2009,15.4
Colombia,COL,2010,14.7
Colombia,COL,2011,11.5
Colombia,COL,2012,12
Colombia,COL,2013,11.3
Colombia,COL,2014,11
Colombia,COL,2015,9.3
Colombia,COL,2016,9
Colombia,COL,2017,7.5
Colombia,COL,2018,8.6
Colombia,COL,2019,8.5
Colombia,COL,2020,8.1
Comoros,COM,2004,63.8
Comoros,COM,2005,63.9
Comoros,COM,2006,65.5
Comoros,COM,2007,64.9
Comoros,COM,2008,65.6
Comoros,COM,2009,62.7
Comoros,COM,2010,64.5
Comoros,COM,2011,58
Comoros,COM,2012,63.9
Comoros,COM,2013,59.4
Comoros,COM,2014,56.7
Comoros,COM,2015,56.1
Comoros,COM,2016,55.3
Comoros,COM,2017,52.3
Comoros,COM,2018,55
Comoros,COM,2019,54.3
Comoros,COM,2020,54.1
Congo,COG,2005,72.6
Congo,COG,2006,67.7
Congo,COG,2007,65.8
Congo,COG,2008,49.9
Congo,COG,2009,59.5
Congo,COG,2010,48.1
Congo,COG,2011,51.5
Congo,COG,2012,51.6
Congo,COG,2013,45.5
Congo,COG,2014,51.5
Congo,COG,2015,47.8
Congo,COG,2016,57.3
Congo,COG,2017,73.2
Congo,COG,2018,79
Congo,COG,2019,80.5
Congo,COG,2020,79.8
Costa Rica,CRI,2003,17.8
Costa Rica,CRI,2004,18.4
Costa Rica,CRI,2005,17
Costa Rica,CRI,2006,16.8
Costa Rica,CRI,2007,16.8
Costa Rica,CRI,2008,13.7
Costa Rica,CRI,2009,15.1
Costa Rica,CRI,2010,11.1
Costa Rica,CRI,2011,11.5
Costa Rica,CRI,2012,10.2
Costa Rica,CRI,2013,10.4
Costa Rica,CRI,2014,10.1
Costa Rica,CRI,2015,8.9
Costa Rica,CRI,2016,8.2
Costa Rica,CRI,2017,7.7
Costa Rica,CRI,2018,7.4
Costa Rica,CRI,2019,6.8
Costa Rica,CRI,2020,7.5
Cote d'Ivoire,CIV,2007,68.7
Croatia,HRV,2009,4.4
Croatia,HRV,2010,5
Croatia,HRV,2011,3.4
Croatia,HRV,2012,3.1
Croatia,HRV,2013,1.7
Croatia,HRV,2014,3.3
Croatia,HRV,2015,2.7
Croatia,HRV,2016,2.6
Croatia,HRV,2017,2.2
Croatia,HRV,2018,1.6
Croatia,HRV,2019,1.7
Croatia,HRV,2020,1.1
Cyprus,CYP,2004,9.7
Cyprus,CYP,2005,10.3
Cyprus,CYP,2006,10.8
Cyprus,CYP,2007,10.3
Cyprus,CYP,2008,11.6
Cyprus,CYP,2009,11.5
Cyprus,CYP,2010,7.1
Cyprus,CYP,2011,9.9
Cyprus,CYP,2012,11.1
Cyprus,CYP,2013,16
Cyprus,CYP,2014,13.7
Cyprus,CYP,2015,12.1
Cyprus,CYP,2016,12.2
Cyprus,CYP,2017,9
Cyprus,CYP,2018,8.8
Cyprus,CYP,2019,7.3
Cyprus,CYP,2020,8.1
Czechia,CZE,2003,0.2
Czechia,CZE,2004,0.3
Czechia,CZE,2005,0.3
Czechia,CZE,2006,0.2
Czechia,CZE,2007,0.3
Czechia,CZE,2008,0.5
Czechia,CZE,2009,0.3
Czechia,CZE,2010,0.4
Czechia,CZE,2011,0.4
Czechia,CZE,2012,0.3
Czechia,CZE,2013,0.3
Czechia,CZE,2014,0.3
Czechia,CZE,2015,0.3
Czechia,CZE,2016,0.2
Czechia,CZE,2017,0.1
Czechia,CZE,2018,0.1
Czechia,CZE,2019,0.1
Czechia,CZE,2020,0.1
Democratic Republic of Congo,COD,2004,95.5
Democratic Republic of Congo,COD,2005,94.3
Democratic Republic of Congo,COD,2006,93.1
Democratic Republic of Congo,COD,2007,94.5
Democratic Republic of Congo,COD,2008,89.4
Democratic Republic of Congo,COD,2009,87.8
Democratic Republic of Congo,COD,2010,81.7
Democratic Republic of Congo,COD,2011,85.3
Democratic Republic of Congo,COD,2012,82.2
Democratic Republic of Congo,COD,2013,78.1
Democratic Republic of Congo,COD,2014,80
Democratic Republic of Congo,COD,2015,76
Democratic Republic of Congo,COD,2016,74.5
Democratic Republic of Congo,COD,2017,78
Democratic Republic of Congo,COD,2018,77.3
Democratic Republic of Congo,COD,2019,74.5
Democratic Republic of Congo,COD,2020,74.4
Denmark,DNK,2003,0
Denmark,DNK,2004,0.1
Denmark,DNK,2005,0.1
Denmark,DNK,2006,0.1
Denmark,DNK,2007,0.1
Denmark,DNK,2008,0.1
Denmark,DNK,2009,0.1
Denmark,DNK,2010,0.1
Denmark,DNK,2011,0.1
Denmark,DNK,2012,0.1
Denmark,DNK,2013,0.2
Denmark,DNK,2014,0.1
Denmark,DNK,2015,0.1
Denmark,DNK,2016,0.2
Denmark,DNK,2017,0.1
Denmark,DNK,2018,0.1
Denmark,DNK,2019,0.1
Denmark,DNK,2020,0.1
Dominican Republic,DOM,2003,42.1
Dominican Republic,DOM,2004,43.7
Dominican Republic,DOM,2005,40.2
Dominican Republic,DOM,2006,38.4
Dominican Republic,DOM,2007,30.2
Dominican Republic,DOM,2008,25.7
Dominican Republic,DOM,2009,25.5
Dominican Republic,DOM,2010,21.3
Dominican Republic,DOM,2011,21.8
Dominican Republic,DOM,2012,20.3
Dominican Republic,DOM,2013,21.8
Dominican Republic,DOM,2014,15.5
Dominican Republic,DOM,2015,17.2
Dominican Republic,DOM,2016,18.1
Dominican Republic,DOM,2017,15
Dominican Republic,DOM,2018,14
Dominican Republic,DOM,2019,14.6
Dominican Republic,DOM,2020,13.6
Early-demographic dividend,,2003,57.5663974156746
Early-demographic dividend,,2004,56.5036760368063
Early-demographic dividend,,2005,58.0582378623953
Early-demographic dividend,,2006,55.1563829851958
Early-demographic dividend,,2007,53.6080811478362
Early-demographic dividend,,2008,50.8198603720864
Early-demographic dividend,,2009,48.340937302657
Early-demographic dividend,,2010,48.0251521771171
Early-demographic dividend,,2011,43.6017900125415
Early-demographic dividend,,2012,43.9897705500901
Early-demographic dividend,,2013,41.9749742232154
Early-demographic dividend,,2014,40.2964217885447
Early-demographic dividend,,2015,37.6180921814452
Early-demographic dividend,,2016,34.6972746889215
Early-demographic dividend,,2017,32.6167102031447
Early-demographic dividend,,2018,30.7768988774467
Early-demographic dividend,,2019,29.7324338948523
Early-demographic dividend,,2020,28.330305322357
East Asia & Pacific,,2003,59.1917107675149
East Asia & Pacific,,2004,57.5669456580329
East Asia & Pacific,,2005,54.5230775353594
East Asia & Pacific,,2006,48.5617099370193
East Asia & Pacific,,2007,44.5820901429214
East Asia & Pacific,,2008,36.6744307793477
East Asia & Pacific,,2009,31.8977452402954
East Asia & Pacific,,2010,30.1613292333962
East Asia & Pacific,,2011,25.8498962471619
East Asia & Pacific,,2012,23.7947304950364
East Asia & Pacific,,2013,18.9936979295636
East Asia & Pacific,,2014,17.1506134912763
East Asia & Pacific,,2015,14.2767656140993
East Asia & Pacific,,2016,12.8930845680976
East Asia & Pacific,,2017,11.6904943879347
East Asia & Pacific,,2018,10.4044504991961
East Asia & Pacific,,2019,8.97429825517697
East Asia & Pacific,,2020,8.60293794681835
East Asia & Pacific (IDA & IBRD),,2003,59.8458143203402
East Asia & Pacific (IDA & IBRD),,2004,58.2073920510208
East Asia & Pacific (IDA & IBRD),,2005,55.131390434277
East Asia & Pacific (IDA & IBRD),,2006,50.387926150634
East Asia & Pacific (IDA & IBRD),,2007,46.2518031393892
East Asia & Pacific (IDA & IBRD),,2008,40.5099689908987
East Asia & Pacific (IDA & IBRD),,2009,35.2147123869049
East Asia & Pacific (IDA & IBRD),,2010,33.3198453387664
East Asia & Pacific (IDA & IBRD),,2011,28.5480293438829
East Asia & Pacific (IDA & IBRD),,2012,26.2597048993348
East Asia & Pacific (IDA & IBRD),,2013,20.9551068582757
East Asia & Pacific (IDA & IBRD),,2014,18.9033025157169
East Asia & Pacific (IDA & IBRD),,2015,15.7153118517785
East Asia & Pacific (IDA & IBRD),,2016,14.1913081047807
East Asia & Pacific (IDA & IBRD),,2017,12.8485624482915
East Asia & Pacific (IDA & IBRD),,2018,11.4253083189415
East Asia & Pacific (IDA & IBRD),,2019,9.85345080937816
East Asia & Pacific (IDA & IBRD),,2020,9.44088305562078
East Asia & Pacific (excluding high income),,2003,59.8458143203402
East Asia & Pacific (excluding high income),,2004,58.2073920510208
East Asia & Pacific (excluding high income),,2005,55.131390434277
East Asia & Pacific (excluding high income),,2006,50.387926150634
East Asia & Pacific (excluding high income),,2007,46.2518031393892
East Asia & Pacific (excluding high income),,2008,40.5099689908987
East Asia & Pacific (excluding high income),,2009,35.2147123869049
East Asia & Pacific (excluding high income),,2010,33.3198453387664
East Asia & Pacific (excluding high income),,2011,28.5480293438829
East Asia & Pacific (excluding high income),,2012,26.2597048993348
East Asia & Pacific (excluding high income),,2013,20.9551068582757
East Asia & Pacific (excluding high income),,2014,18.9033025157169
East Asia & Pacific (excluding high income),,2015,15.7153118517785
East Asia & Pacific (excluding high income),,2016,14.1913081047807
East Asia & Pacific (excluding high income),,2017,12.8485624482915
East Asia & Pacific (excluding high income),,2018,11.4253083189415
East Asia & Pacific (excluding high income),,2019,9.85345080937816
East Asia & Pacific (excluding high income),,2020,9.44088305562078
Ecuador,ECU,2003,47.4
Ecuador,ECU,2004,48.6
Ecuador,ECU,2005,45.8
Ecuador,ECU,2006,44.4
Ecuador,ECU,2007,41.5
Ecuador,ECU,2008,35.7
Ecuador,ECU,2009,35.2
Ecuador,ECU,2010,32.2
Ecuador,ECU,2011,27.4
Ecuador,ECU,2012,25.9
Ecuador,ECU,2013,26.2
Ecuador,ECU,2014,22.7
Ecuador,ECU,2015,25.5
Ecuador,ECU,2016,23.9
Ecuador,ECU,2017,22.3
Ecuador,ECU,2018,22.5
Ecuador,ECU,2019,22.1
Ecuador,ECU,2020,23.1
Egypt,EGY,2003,47.5
Egypt,EGY,2004,47
Egypt,EGY,2005,47.8
Egypt,EGY,2006,42.1
Egypt,EGY,2007,39
Egypt,EGY,2008,38.3
Egypt,EGY,2009,35.2
Egypt,EGY,2010,36.6
Egypt,EGY,2011,31.8
Egypt,EGY,2012,30.4
Egypt,EGY,2013,28.1
Egypt,EGY,2014,26.8
Egypt,EGY,2015,27.2
Egypt,EGY,2016,29.8
Egypt,EGY,2017,27
Egypt,EGY,2018,27.2
Egypt,EGY,2019,27.5
Egypt,EGY,2020,24.9
El Salvador,SLV,2003,39.4
El Salvador,SLV,2004,35.4
El Salvador,SLV,2005,32.5
El Salvador,SLV,2006,23.7
El Salvador,SLV,2007,24
El Salvador,SLV,2008,24.8
El Salvador,SLV,2009,24.3
El Salvador,SLV,2010,21.6
El Salvador,SLV,2011,17.7
El Salvador,SLV,2012,19.2
El Salvador,SLV,2013,16.7
El Salvador,SLV,2014,15.1
El Salvador,SLV,2015,13.5
El Salvador,SLV,2016,12.1
El Salvador,SLV,2017,11
El Salvador,SLV,2018,11.9
El Salvador,SLV,2019,11.7
El Salvador,SLV,2020,11.3
Estonia,EST,2003,90.4
Estonia,EST,2004,91.5
Estonia,EST,2005,88.5
Estonia,EST,2006,86.3
Estonia,EST,2007,81.4
Estonia,EST,2008,77.3
Estonia,EST,2009,83.3
Estonia,EST,2010,84
Estonia,EST,2011,82.7
Estonia,EST,2012,81.8
Estonia,EST,2013,84.4
Estonia,EST,2014,81
Estonia,EST,2015,79.9
Estonia,EST,2016,77.2
Estonia,EST,2017,78.9
Estonia,EST,2018,77.2
Estonia,EST,2019,74
Estonia,EST,2020,75.1
Euro area,,2003,1.05608866347596
Euro area,,2004,2.5558704868652
Euro area,,2005,2.3697257609974
Euro area,,2006,2.23738395166715
Euro area,,2007,2.0214808282707
Euro area,,2008,1.9506854608885
Euro area,,2009,1.97431261565917
Euro area,,2010,2.02346876727439
Euro area,,2011,2.14740336326622
Euro area,,2012,2.38163707725874
Euro area,,2013,2.4218759861245
Euro area,,2014,2.35275082005161
Euro area,,2015,2.35851390107365
Euro area,,2016,2.15536191388581
Euro area,,2017,2.07608062497592
Euro area,,2018,1.94321820904116
Euro area,,2019,1.96769802127036
Euro area,,2020,1.91217911580306
Europe & Central Asia,,2003,19.0559945173957
Europe & Central Asia,,2004,16.8543045977045
Europe & Central Asia,,2005,15.0624948869851
Europe & Central Asia,,2006,12.5052627171325
Europe & Central Asia,,2007,11.7460398317307
Europe & Central Asia,,2008,10.2547324173958
Europe & Central Asia,,2009,10.3682014265463
Europe & Central Asia,,2010,9.95119292665292
Europe & Central Asia,,2011,9.42899570593048
Europe & Central Asia,,2012,8.78085664012308
Europe & Central Asia,,2013,8.73683467506764
Europe & Central Asia,,2014,8.13755805143124
Europe & Central Asia,,2015,9.63509869091558
Europe & Central Asia,,2016,9.62867014896884
Europe & Central Asia,,2017,8.70081418611556
Europe & Central Asia,,2018,8.20563722723806
Europe & Central Asia,,2019,8.25501866515844
Europe & Central Asia,,2020,7.74495577569012
Europe & Central Asia (IDA & IBRD),,2003,40.3666577637743
Europe & Central Asia (IDA & IBRD),,2004,31.9961174093588
Europe & Central Asia (IDA & IBRD),,2005,29.1944471180579
Europe & Central Asia (IDA & IBRD),,2006,23.2120222427625
Europe & Central Asia (IDA & IBRD),,2007,21.5779981556514
Europe & Central Asia (IDA & IBRD),,2008,18.7616260429024
Europe & Central Asia (IDA & IBRD),,2009,18.7998253507212
Europe & Central Asia (IDA & IBRD),,2010,17.8213257103868
Europe & Central Asia (IDA & IBRD),,2011,16.6032260415083
Europe & Central Asia (IDA & IBRD),,2012,14.9186210037039
Europe & Central Asia (IDA & IBRD),,2013,14.7351932008481
Europe & Central Asia (IDA & IBRD),,2014,13.6876913077928
Europe & Central Asia (IDA & IBRD),,2015,16.7272528147481
Europe & Central Asia (IDA & IBRD),,2016,16.9750764130102
Europe & Central Asia (IDA & IBRD),,2017,15.2627709894794
Europe & Central Asia (IDA & IBRD),,2018,14.3523818166065
Europe & Central Asia (IDA & IBRD),,2019,14.4468051928742
Europe & Central Asia (IDA & IBRD),,2020,13.4433525197715
Europe & Central Asia (excluding high income),,2003,40.3666577637743
Europe & Central Asia (excluding high income),,2004,34.9973381630624
Europe & Central Asia (excluding high income),,2005,32.2316074082698
Europe & Central Asia (excluding high income),,2006,25.4394996285551
Europe & Central Asia (excluding high income),,2007,23.6507852742966
Europe & Central Asia (excluding high income),,2008,20.5939458920681
Europe & Central Asia (excluding high income),,2009,20.8032292968669
Europe & Central Asia (excluding high income),,2010,19.6921698548579
Europe & Central Asia (excluding high income),,2011,18.3460800041243
Europe & Central Asia (excluding high income),,2012,16.4495408567507
Europe & Central Asia (excluding high income),,2013,16.2506052137569
Europe & Central Asia (excluding high income),,2014,15.0823732670675
Europe & Central Asia (excluding high income),,2015,18.4389086164232
Europe & Central Asia (excluding high income),,2016,18.7109841058017
Europe & Central Asia (excluding high income),,2017,16.8221751980806
Europe & Central Asia (excluding high income),,2018,15.8144499531539
Europe & Central Asia (excluding high income),,2019,15.9099244642338
Europe & Central Asia (excluding high income),,2020,14.8028918828053
European Union,,2003,0.985805782089791
European Union,,2004,3.40462823916452
European Union,,2005,3.14661443709502
European Union,,2006,2.93811381771344
European Union,,2007,2.72364049158304
European Union,,2008,2.49018416568682
European Union,,2009,2.66233948173029
European Union,,2010,2.77509430944045
European Union,,2011,2.896092020041
European Union,,2012,3.13477337082965
European Union,,2013,3.18772700043627
European Union,,2014,2.98241985334328
European Union,,2015,2.9745378653509
European Union,,2016,2.71865585590876
European Union,,2017,2.48851831108484
European Union,,2018,2.39509229709133
European Union,,2019,2.36355405819354
European Union,,2020,2.31125014253463
Finland,FIN,2003,0.3
Finland,FIN,2004,0.4
Finland,FIN,2005,0.2
Finland,FIN,2006,0.2
Finland,FIN,2007,0.2
Finland,FIN,2008,0.2
Finland,FIN,2009,0.1
Finland,FIN,2010,0.2
Finland,FIN,2011,0.1
Finland,FIN,2012,0.1
Finland,FIN,2013,0.1
Finland,FIN,2014,0.1
Finland,FIN,2015,0.1
Finland,FIN,2016,0.1
Finland,FIN,2017,0.1
Finland,FIN,2018,0.1
Finland,FIN,2019,0.1
Finland,FIN,2020,0.1
Fragile and conflict affected situations,,2012,54.2068958088645
Fragile and conflict affected situations,,2013,50.9126590592829
Fragile and conflict affected situations,,2014,52.4142547122885
Fragile and conflict affected situations,,2015,51.3996416963455
Fragile and conflict affected situations,,2018,50.296818117136
France,FRA,2003,0
France,FRA,2004,0
France,FRA,2005,0
France,FRA,2006,0
France,FRA,2007,0.1
France,FRA,2008,0.1
France,FRA,2009,0.1
France,FRA,2010,0.1
France,FRA,2011,0.1
France,FRA,2012,0.1
France,FRA,2013,0.1
France,FRA,2014,0.1
France,FRA,2015,0.1
France,FRA,2016,0
France,FRA,2017,0
France,FRA,2018,0
France,FRA,2019,0
France,FRA,2020,0
Gabon,GAB,2005,42.1
Gabon,GAB,2006,40.7
Gabon,GAB,2007,40.4
Gabon,GAB,2008,38.6
Gabon,GAB,2009,37.8
Gabon,GAB,2010,17.7
Gabon,GAB,2011,19.1
Gabon,GAB,2012,18.8
Gabon,GAB,2013,17.6
Gabon,GAB,2014,16.7
Gabon,GAB,2015,14.9
Gabon,GAB,2016,12.1
Gabon,GAB,2017,11.1
Gabon,GAB,2018,11.8
Gabon,GAB,2019,12.7
Gabon,GAB,2020,11.8
Gambia,GMB,2003,36.4
Gambia,GMB,2004,34.1
Gambia,GMB,2005,38.2
Gambia,GMB,2006,38
Gambia,GMB,2007,39.4
Gambia,GMB,2008,37.5
Gambia,GMB,2009,39.2
Gambia,GMB,2010,32.9
Gambia,GMB,2011,39.4
Gambia,GMB,2012,28
Gambia,GMB,2013,25.8
Gambia,GMB,2014,35.8
Gambia,GMB,2015,29.3
Gambia,GMB,2016,33.1
Gambia,GMB,2017,32
Gambia,GMB,2018,25
Gambia,GMB,2019,31.8
Gambia,GMB,2020,21.4
Georgia,GEO,2007,35.7
Germany,DEU,2003,0.1
Germany,DEU,2004,0.1
Germany,DEU,2005,0.1
Germany,DEU,2006,0.1
Germany,DEU,2007,0.1
Germany,DEU,2008,0.1
Germany,DEU,2009,0.1
Germany,DEU,2010,0.1
Germany,DEU,2011,0.1
Germany,DEU,2012,0.1
Germany,DEU,2013,0.1
Germany,DEU,2014,0.1
Germany,DEU,2015,0.1
Germany,DEU,2016,0.1
Germany,DEU,2017,0.1
Germany,DEU,2018,0.1
Germany,DEU,2019,0.1
Germany,DEU,2020,0.1
Ghana,GHA,2007,30.5
Ghana,GHA,2008,28.3
Ghana,GHA,2009,22.4
Ghana,GHA,2010,19
Ghana,GHA,2011,19.7
Ghana,GHA,2012,22.5
Ghana,GHA,2013,17.1
Ghana,GHA,2014,18.8
Ghana,GHA,2015,15.3
Ghana,GHA,2016,17.2
Ghana,GHA,2017,17.4
Ghana,GHA,2018,16.8
Ghana,GHA,2019,16.5
Ghana,GHA,2020,16.6
Greece,GRC,2004,5.7
Greece,GRC,2005,4.3
Greece,GRC,2006,4.8
Greece,GRC,2007,3.4
Greece,GRC,2008,2.4
Greece,GRC,2009,2.3
Greece,GRC,2010,2.7
Greece,GRC,2011,4.6
Greece,GRC,2012,6
Greece,GRC,2013,7.2
Greece,GRC,2014,7.8
Greece,GRC,2015,8
Greece,GRC,2016,6
Greece,GRC,2017,6.7
Greece,GRC,2018,5.7
Greece,GRC,2019,6.7
Greece,GRC,2020,5.7
Guatemala,GTM,2003,51.4
Guatemala,GTM,2004,50.4
Guatemala,GTM,2005,49.7
Guatemala,GTM,2006,50.8
Guatemala,GTM,2007,47.4
Guatemala,GTM,2008,48.4
Guatemala,GTM,2009,45.8
Guatemala,GTM,2010,48.7
Guatemala,GTM,2011,46.9
Guatemala,GTM,2012,46.3
Guatemala,GTM,2013,45.3
Guatemala,GTM,2014,38.2
Guatemala,GTM,2015,35.3
Guatemala,GTM,2016,36.5
Guatemala,GTM,2017,35.8
Guatemala,GTM,2018,35.5
Guatemala,GTM,2019,34.2
Guatemala,GTM,2020,33.6
Guinea,GIN,2003,61.5
Guinea,GIN,2004,63.3
Guinea,GIN,2005,64.9
Guinea,GIN,2006,69.9
Guinea,GIN,2007,70
Guinea,GIN,2008,72.2
Guinea,GIN,2009,70.6
Guinea,GIN,2010,72.5
Guinea,GIN,2011,70.5
Guinea,GIN,2012,66
Guinea,GIN,2013,65.8
Guinea,GIN,2014,59.7
Guinea,GIN,2015,53
Guinea,GIN,2016,52.2
Guinea,GIN,2017,59
Guinea,GIN,2018,62.7
Guinea,GIN,2019,53.7
Guinea,GIN,2020,55.8
Guinea-Bissau,GNB,2003,66
Guinea-Bissau,GNB,2004,66.9
Guinea-Bissau,GNB,2005,64.7
Guinea-Bissau,GNB,2006,71.1
Guinea-Bissau,GNB,2007,68.3
Guinea-Bissau,GNB,2008,73.5
Guinea-Bissau,GNB,2009,73.9
Guinea-Bissau,GNB,2010,75.5
Guinea-Bissau,GNB,2011,67.2
Guinea-Bissau,GNB,2012,86.9
Guinea-Bissau,GNB,2013,85.5
Guinea-Bissau,GNB,2014,85.1
Guinea-Bissau,GNB,2015,86.3
Guinea-Bissau,GNB,2016,85.8
Guinea-Bissau,GNB,2017,82.6
Guinea-Bissau,GNB,2018,82.1
Guinea-Bissau,GNB,2019,83.3
Guinea-Bissau,GNB,2020,81.2
Guyana,GUY,2007,26.1
Haiti,HTI,2012,58.2
Haiti,HTI,2013,68.1
Haiti,HTI,2014,62.1
Haiti,HTI,2015,65.9
Haiti,HTI,2016,69.1
Haiti,HTI,2017,73.5
Haiti,HTI,2018,74.7
Haiti,HTI,2019,74.6
Haiti,HTI,2020,72.8
Heavily indebted poor countries (HIPC),,2007,65.9249956322908
Heavily indebted poor countries (HIPC),,2009,62.2394318261791
Heavily indebted poor countries (HIPC),,2010,60.7281029969001
Heavily indebted poor countries (HIPC),,2011,58.8627925435238
Heavily indebted poor countries (HIPC),,2012,58.6569870125143
Heavily indebted poor countries (HIPC),,2013,57.0131207879846
Heavily indebted poor countries (HIPC),,2014,56.0741244358516
Heavily indebted poor countries (HIPC),,2015,54.809687551447
Heavily indebted poor countries (HIPC),,2016,54.0505276257862
Heavily indebted poor countries (HIPC),,2017,55.3255881149876
Heavily indebted poor countries (HIPC),,2018,56.4264328437165
Heavily indebted poor countries (HIPC),,2019,55.3974403584959
Heavily indebted poor countries (HIPC),,2020,52.6350598914026
High income,,2003,1.48158650552955
High income,,2004,2.5727582342563
High income,,2005,2.39488162481522
High income,,2006,2.04945762293707
High income,,2007,1.97477421475471
High income,,2008,1.83637263413028
High income,,2009,1.72784989403601
High income,,2010,1.66050847403871
High income,,2011,1.63521852819277
High income,,2012,1.70043019347425
High income,,2013,1.72985188299467
High income,,2014,1.65298955452544
High income,,2015,1.6515437313091
High income,,2016,1.53494013052819
High income,,2017,1.42399279714763
High income,,2018,1.37260951533016
High income,,2019,1.48312777849896
High income,,2020,1.48383679083168
Honduras,HND,2003,62.1
Honduras,HND,2004,62.4
Honduras,HND,2005,60.1
Honduras,HND,2006,59.4
Honduras,HND,2007,59.4
Honduras,HND,2008,58.7
Honduras,HND,2009,51.9
Honduras,HND,2010,55.1
Honduras,HND,2011,55.1
Honduras,HND,2012,56.7
Honduras,HND,2013,54
Honduras,HND,2014,51.6
Honduras,HND,2015,51.7
Honduras,HND,2016,49.7
Honduras,HND,2017,50.8
Honduras,HND,2018,50.6
Honduras,HND,2019,48.8
Honduras,HND,2020,46.5
Hungary,HUN,2004,38
Hungary,HUN,2005,39.6
Hungary,HUN,2006,32.5
Hungary,HUN,2007,36
Hungary,HUN,2008,32.8
Hungary,HUN,2009,37.3
Hungary,HUN,2010,40.2
Hungary,HUN,2011,41.2
Hungary,HUN,2012,43.9
Hungary,HUN,2013,45.5
Hungary,HUN,2014,40.4
Hungary,HUN,2015,40.4
Hungary,HUN,2016,34.9
Hungary,HUN,2017,30.4
Hungary,HUN,2018,31
Hungary,HUN,2019,29.8
Hungary,HUN,2020,30.3
IBRD only,,2003,55.7419834629653
IBRD only,,2004,53.5575394585641
IBRD only,,2005,52.7430560478622
IBRD only,,2006,48.0681028947631
IBRD only,,2007,45.4691863316651
IBRD only,,2008,41.2603166345886
IBRD only,,2009,37.606652212275
IBRD only,,2010,36.1521645701967
IBRD only,,2011,31.4823438692085
IBRD only,,2012,31.5214467019909
IBRD only,,2013,28.2198678299854
IBRD only,,2014,26.7763279592028
IBRD only,,2015,24.4745769236084
IBRD only,,2016,22.5498431706637
IBRD only,,2017,20.9589841043594
IBRD only,,2018,19.4973987929876
IBRD only,,2019,18.5276326654552
IBRD only,,2020,17.4463500959565
IDA & IBRD total,,2003,57.6691140145067
IDA & IBRD total,,2004,55.799562307891
IDA & IBRD total,,2005,55.4614159143573
IDA & IBRD total,,2006,51.6344363531391
IDA & IBRD total,,2007,48.9052947438018
IDA & IBRD total,,2008,45.5564352518115
IDA & IBRD total,,2009,42.6050824841243
IDA & IBRD total,,2010,41.3230416827266
IDA & IBRD total,,2011,37.2033367643688
IDA & IBRD total,,2012,37.0006308614367
IDA & IBRD total,,2013,34.0029412933984
IDA & IBRD total,,2014,32.8621857470108
IDA & IBRD total,,2015,30.7289461489457
IDA & IBRD total,,2016,29.1002761395782
IDA & IBRD total,,2017,27.808533233823
IDA & IBRD total,,2018,26.3939143597659
IDA & IBRD total,,2019,25.4415950607927
IDA & IBRD total,,2020,24.6801797842995
IDA blend,,2003,63.2127998419595
IDA blend,,2004,58.8920673635332
IDA blend,,2007,57.2346096153431
IDA blend,,2008,60.3407828792995
IDA blend,,2009,61.25722659511
IDA blend,,2010,60.3851907442107
IDA blend,,2011,58.4810549708203
IDA blend,,2012,55.232573438217
IDA blend,,2013,52.2946041004808
IDA blend,,2014,53.1106985379918
IDA blend,,2015,50.8906044499628
IDA blend,,2016,51.1508390713659
IDA blend,,2017,48.3508480589701
IDA blend,,2018,44.5524834102347
IDA blend,,2019,43.1705379132725
IDA blend,,2020,46.9017639855154
IDA only,,2007,68.3895430513342
IDA only,,2009,64.9838644798477
IDA only,,2010,64.1373547877692
IDA only,,2011,61.8437744933453
IDA only,,2012,61.3404054790472
IDA only,,2013,59.8952302716255
IDA only,,2014,58.9146210043068
IDA only,,2015,57.4330656958283
IDA only,,2016,56.5772807732126
IDA only,,2017,57.6318386795264
IDA only,,2018,56.8858280965276
IDA only,,2019,55.3477582364854
IDA only,,2020,53.1332217992716
IDA total,,2004,66.429542982396
IDA total,,2007,63.7499193635701
IDA total,,2008,64.3023257691428
IDA total,,2009,63.4436755142458
IDA total,,2010,62.5847224449699
IDA total,,2011,60.4499227875605
IDA total,,2012,58.8280882525338
IDA total,,2013,56.7640378129034
IDA total,,2014,56.5203517881168
IDA total,,2015,54.7314960028529
IDA total,,2016,54.3983462139979
IDA total,,2017,53.904912855333
IDA total,,2018,51.7902532736143
IDA total,,2019,50.3186017969011
IDA total,,2020,50.538305606104
Iceland,ISL,2003,46.6
Iceland,ISL,2004,49.4
Iceland,ISL,2005,46.5
Iceland,ISL,2006,39
Iceland,ISL,2007,33.1
Iceland,ISL,2008,41.3
Iceland,ISL,2009,49.7
Iceland,ISL,2010,53.7
Iceland,ISL,2011,55.3
Iceland,ISL,2012,52.3
Iceland,ISL,2013,49.3
Iceland,ISL,2014,51.5
Iceland,ISL,2015,45.6
Iceland,ISL,2016,37.1
Iceland,ISL,2017,37
Iceland,ISL,2018,32.1
Iceland,ISL,2019,36.3
Iceland,ISL,2020,33.3
India,IND,2003,72.8
India,IND,2004,71.1
India,IND,2005,73.3
India,IND,2006,68.6
India,IND,2007,67.7
India,IND,2008,63.5
India,IND,2009,59.3
India,IND,2010,57.8
India,IND,2011,50.3
India,IND,2012,53.7
India,IND,2013,50.6
India,IND,2014,49.4
India,IND,2015,44.7
India,IND,2016,40
India,IND,2017,37.6
India,IND,2018,34.4
India,IND,2019,33.7
India,IND,2020,31.1
Indonesia,IDN,2003,25.8
Indonesia,IDN,2004,26.5
Indonesia,IDN,2005,31.3
Indonesia,IDN,2006,29.4
Indonesia,IDN,2007,28.1
Indonesia,IDN,2008,25.8
Indonesia,IDN,2009,23.4
Indonesia,IDN,2010,30.4
Indonesia,IDN,2011,32.5
Indonesia,IDN,2012,26.7
Indonesia,IDN,2013,24.8
Indonesia,IDN,2014,19
Indonesia,IDN,2015,17.8
Indonesia,IDN,2016,14.2
Indonesia,IDN,2017,11.4
Indonesia,IDN,2018,10.1
Indonesia,IDN,2019,8
Indonesia,IDN,2020,8.7
Iran,IRN,2004,51.2
Iran,IRN,2005,51.8
Iran,IRN,2006,43
Iran,IRN,2007,41.9
Iran,IRN,2008,45.2
Iran,IRN,2009,42.7
Iran,IRN,2010,43.7
Iran,IRN,2011,43
Iran,IRN,2012,41.4
Iran,IRN,2013,36.3
Iran,IRN,2014,29.3
Iran,IRN,2015,30.8
Iran,IRN,2016,32.2
Iran,IRN,2017,30.7
Iran,IRN,2018,31.3
Iran,IRN,2019,31.3
Iran,IRN,2020,30.2
Iraq,IRQ,2006,23.4
Iraq,IRQ,2007,19.3
Iraq,IRQ,2008,9.8
Iraq,IRQ,2009,9.3
Iraq,IRQ,2010,12.9
Iraq,IRQ,2011,13.3
Iraq,IRQ,2012,52.5
Iraq,IRQ,2013,51.5
Iraq,IRQ,2014,56.6
Iraq,IRQ,2015,60.4
Iraq,IRQ,2016,53.8
Iraq,IRQ,2017,42.8
Iraq,IRQ,2018,39.5
Ireland,IRL,2003,1
Ireland,IRL,2004,1
Ireland,IRL,2005,1.3
Ireland,IRL,2006,1
Ireland,IRL,2007,0.4
Ireland,IRL,2008,0.4
Ireland,IRL,2009,0.8
Ireland,IRL,2010,1
Ireland,IRL,2011,1.2
Ireland,IRL,2012,1.4
Ireland,IRL,2013,1.4
Ireland,IRL,2014,0.9
Ireland,IRL,2015,0.9
Ireland,IRL,2016,0.7
Ireland,IRL,2017,0.6
Ireland,IRL,2018,0.7
Ireland,IRL,2019,0.7
Ireland,IRL,2020,0.7
Italy,ITA,2003,1
Italy,ITA,2004,0.9
Italy,ITA,2005,0.7
Italy,ITA,2006,0.7
Italy,ITA,2007,0.5
Italy,ITA,2008,0.6
Italy,ITA,2009,0.6
Italy,ITA,2010,0.9
Italy,ITA,2011,1
Italy,ITA,2012,1
Italy,ITA,2013,1.2
Italy,ITA,2014,1.1
Italy,ITA,2015,1.4
Italy,ITA,2016,1.2
Italy,ITA,2017,1.5
Italy,ITA,2018,1.2
Italy,ITA,2019,1.4
Italy,ITA,2020,1.5
Jamaica,JAM,2007,16.9
Jamaica,JAM,2008,15.4
Jamaica,JAM,2009,14.4
Jamaica,JAM,2010,14
Jamaica,JAM,2011,13.6
Jamaica,JAM,2012,11.9
Jamaica,JAM,2013,10.5
Jamaica,JAM,2014,12.1
Jamaica,JAM,2015,10.8
Jamaica,JAM,2016,10.2
Jamaica,JAM,2017,9.7
Jamaica,JAM,2018,9.2
Jamaica,JAM,2019,9.7
Jamaica,JAM,2020,9.6
Japan,JPN,2008,1.2
Japan,JPN,2009,1.1
Japan,JPN,2010,0.6
Japan,JPN,2011,0.4
Japan,JPN,2012,0.5
Japan,JPN,2013,0.3
Japan,JPN,2014,0.4
Japan,JPN,2015,0.5
Japan,JPN,2016,0.4
Japan,JPN,2017,0.5
Japan,JPN,2018,0.5
Japan,JPN,2019,0.4
Japan,JPN,2020,0.4
Jordan,JOR,2003,30.1
Jordan,JOR,2004,28.7
Jordan,JOR,2005,21.9
Jordan,JOR,2006,19.7
Jordan,JOR,2007,17.9
Jordan,JOR,2008,10.9
Jordan,JOR,2009,7.2
Jordan,JOR,2010,8.2
Jordan,JOR,2011,8.9
Jordan,JOR,2012,7.8
Jordan,JOR,2013,7.4
Jordan,JOR,2014,7.9
Jordan,JOR,2015,14.8
Jordan,JOR,2016,18.4
Jordan,JOR,2017,18.7
Jordan,JOR,2018,18.8
Jordan,JOR,2019,16.9
Jordan,JOR,2020,15.9
Kazakhstan,KAZ,2003,35.8
Kazakhstan,KAZ,2004,26.9
Kazakhstan,KAZ,2005,25
Kazakhstan,KAZ,2006,10.2
Kazakhstan,KAZ,2007,10.1
Kazakhstan,KAZ,2008,2.7
Kazakhstan,KAZ,2009,2.6
Kazakhstan,KAZ,2010,3.5
Kazakhstan,KAZ,2011,2.6
Kazakhstan,KAZ,2012,2.6
Kazakhstan,KAZ,2013,2
Kazakhstan,KAZ,2014,1.1
Kazakhstan,KAZ,2015,2.4
Kazakhstan,KAZ,2016,3.6
Kazakhstan,KAZ,2017,2.6
Kazakhstan,KAZ,2018,2.6
Kazakhstan,KAZ,2019,2.1
Kazakhstan,KAZ,2020,1.1
Kenya,KEN,2003,61.5
Kenya,KEN,2004,60.7
Kenya,KEN,2005,60.2
Kenya,KEN,2006,54.6
Kenya,KEN,2007,49.5
Kenya,KEN,2008,47.7
Kenya,KEN,2009,45.3
Kenya,KEN,2010,43.6
Kenya,KEN,2011,42.2
Kenya,KEN,2012,41.1
Kenya,KEN,2013,41.3
Kenya,KEN,2014,39.3
Kenya,KEN,2015,28.8
Kenya,KEN,2016,23.4
Kenya,KEN,2017,22
Kenya,KEN,2018,23.1
Kenya,KEN,2019,21.2
Kenya,KEN,2020,21.1
Kiribati,KIR,2007,0
Kyrgyzstan,KGZ,2003,77.9
Kyrgyzstan,KGZ,2004,62.8
Kyrgyzstan,KGZ,2005,54.8
Kyrgyzstan,KGZ,2006,50.9
Kyrgyzstan,KGZ,2007,43.5
Kyrgyzstan,KGZ,2008,42.7
Kyrgyzstan,KGZ,2009,40.1
Kyrgyzstan,KGZ,2010,44.5
Kyrgyzstan,KGZ,2011,38.8
Kyrgyzstan,KGZ,2012,32
Kyrgyzstan,KGZ,2013,36.5
Kyrgyzstan,KGZ,2014,44.8
Kyrgyzstan,KGZ,2015,46.5
Kyrgyzstan,KGZ,2016,47.6
Kyrgyzstan,KGZ,2017,48.5
Kyrgyzstan,KGZ,2018,44.6
Kyrgyzstan,KGZ,2019,46.6
Kyrgyzstan,KGZ,2020,46.2
Laos,LAO,2003,91.2
Laos,LAO,2004,82.9
Laos,LAO,2005,77
Laos,LAO,2006,71.2
Laos,LAO,2007,63.3
Laos,LAO,2008,54.5
Laos,LAO,2009,42.8
Laos,LAO,2010,53.2
Laos,LAO,2011,68.3
Laos,LAO,2012,57.9
Laos,LAO,2013,57.4
Laos,LAO,2014,56.4
Laos,LAO,2015,50
Laos,LAO,2016,49.3
Laos,LAO,2017,50.5
Laos,LAO,2018,49
Laos,LAO,2019,47.8
Laos,LAO,2020,45.8
Late-demographic dividend,,2003,57.8002721512552
Late-demographic dividend,,2004,54.4821327254207
Late-demographic dividend,,2005,50.7968546084003
Late-demographic dividend,,2006,46.0067823443064
Late-demographic dividend,,2007,41.8664758354074
Late-demographic dividend,,2008,36.4402314485484
Late-demographic dividend,,2009,32.0315958717655
Late-demographic dividend,,2010,29.2221960497421
Late-demographic dividend,,2011,24.2663010395874
Late-demographic dividend,,2012,22.832102136682
Late-demographic dividend,,2013,18.1991008824913
Late-demographic dividend,,2014,16.7727647601114
Late-demographic dividend,,2015,14.5721778548411
Late-demographic dividend,,2016,14.0721493553559
Late-demographic dividend,,2017,12.918314493331
Late-demographic dividend,,2018,11.8700386999686
Late-demographic dividend,,2019,10.8205781513072
Late-demographic dividend,,2020,10.3807523013478
Latin America & Caribbean,,2003,25.8717059852873
Latin America & Caribbean,,2004,25.9856321088811
Latin America & Caribbean,,2005,25.2646722054053
Latin America & Caribbean,,2006,23.9951522238773
Latin America & Caribbean,,2007,22.1531109506114
Latin America & Caribbean,,2008,20.5533505375744
Latin America & Caribbean,,2009,19.6120128981306
Latin America & Caribbean,,2010,17.8317390647864
Latin America & Caribbean,,2011,16.3068039784675
Latin America & Caribbean,,2012,17.1367054205922
Latin America & Caribbean,,2013,16.6136498166113
Latin America & Caribbean,,2014,15.235053745676
Latin America & Caribbean,,2015,15.184054456
Latin America & Caribbean,,2016,15.0409108542765
Latin America & Caribbean,,2017,15.0212930838012
Latin America & Caribbean,,2018,15.110260194438
Latin America & Caribbean,,2019,15.2708587846883
Latin America & Caribbean,,2020,15.1496264099596
Latin America & Caribbean (IDA & IBRD),,2003,25.8717059852873
Latin America & Caribbean (IDA & IBRD),,2004,25.9856321088811
Latin America & Caribbean (IDA & IBRD),,2005,25.2646722054053
Latin America & Caribbean (IDA & IBRD),,2006,23.9951522238773
Latin America & Caribbean (IDA & IBRD),,2007,22.1531109506114
Latin America & Caribbean (IDA & IBRD),,2008,20.5533505375744
Latin America & Caribbean (IDA & IBRD),,2009,19.6120128981306
Latin America & Caribbean (IDA & IBRD),,2010,17.8317390647864
Latin America & Caribbean (IDA & IBRD),,2011,16.3068039784675
Latin America & Caribbean (IDA & IBRD),,2012,17.1367054205922
Latin America & Caribbean (IDA & IBRD),,2013,16.6136498166113
Latin America & Caribbean (IDA & IBRD),,2014,15.235053745676
Latin America & Caribbean (IDA & IBRD),,2015,15.184054456
Latin America & Caribbean (IDA & IBRD),,2016,15.0409108542765
Latin America & Caribbean (IDA & IBRD),,2017,15.0212930838012
Latin America & Caribbean (IDA & IBRD),,2018,15.110260194438
Latin America & Caribbean (IDA & IBRD),,2019,15.2708587846883
Latin America & Caribbean (IDA & IBRD),,2020,15.1496264099596
Latin America & Caribbean (excluding high income),,2003,26.2662114784917
Latin America & Caribbean (excluding high income),,2004,26.5099282890368
Latin America & Caribbean (excluding high income),,2005,25.5994820369241
Latin America & Caribbean (excluding high income),,2006,24.9699079275136
Latin America & Caribbean (excluding high income),,2007,23.0642049327361
Latin America & Caribbean (excluding high income),,2008,21.1146153576115
Latin America & Caribbean (excluding high income),,2009,20.1828216447114
Latin America & Caribbean (excluding high income),,2010,18.2671537315605
Latin America & Caribbean (excluding high income),,2011,16.7940924887759
Latin America & Caribbean (excluding high income),,2012,17.9049262361562
Latin America & Caribbean (excluding high income),,2013,17.2778620009651
Latin America & Caribbean (excluding high income),,2014,15.7702562262556
Latin America & Caribbean (excluding high income),,2015,15.7922304352063
Latin America & Caribbean (excluding high income),,2016,15.4192260365591
Latin America & Caribbean (excluding high income),,2017,14.9659043495553
Latin America & Caribbean (excluding high income),,2018,15.0857405546608
Latin America & Caribbean (excluding high income),,2019,14.8707446739936
Latin America & Caribbean (excluding high income),,2020,14.723780661253
Latvia,LVA,2004,96.6
Latvia,LVA,2005,95.4
Latvia,LVA,2006,91.9
Latvia,LVA,2007,91.3
Latvia,LVA,2008,88.6
Latvia,LVA,2009,94.8
Latvia,LVA,2010,93.7
Latvia,LVA,2011,91.5
Latvia,LVA,2012,92.2
Latvia,LVA,2013,91
Latvia,LVA,2014,90.4
Latvia,LVA,2015,89.9
Latvia,LVA,2016,91
Latvia,LVA,2017,92.1
Latvia,LVA,2018,87.5
Latvia,LVA,2019,88.3
Latvia,LVA,2020,87.2
Least developed countries: UN classification,,2009,66.0156994689542
Least developed countries: UN classification,,2010,65.2861799009149
Least developed countries: UN classification,,2011,62.9406107988465
Least developed countries: UN classification,,2012,62.0859908016985
Least developed countries: UN classification,,2013,61.0126195405079
Least developed countries: UN classification,,2014,60.0417382570559
Least developed countries: UN classification,,2015,59.0176019525668
Least developed countries: UN classification,,2016,57.9889491628587
Least developed countries: UN classification,,2017,59.1504781864227
Least developed countries: UN classification,,2018,58.8932327845814
Least developed countries: UN classification,,2019,57.2450322055401
Least developed countries: UN classification,,2020,55.1805650862809
Lebanon,LBN,2011,8.7
Lebanon,LBN,2012,5.9
Lebanon,LBN,2013,6
Lebanon,LBN,2014,7
Lebanon,LBN,2015,6.8
Lebanon,LBN,2016,5.9
Lebanon,LBN,2017,8
Lebanon,LBN,2018,7.4
Lebanon,LBN,2019,8
Lebanon,LBN,2020,0.9
Lesotho,LSO,2003,60.8
Lesotho,LSO,2004,55.7
Lesotho,LSO,2005,58.1
Lesotho,LSO,2006,49.8
Lesotho,LSO,2007,41.5
Lesotho,LSO,2008,37.6
Lesotho,LSO,2009,34.2
Lesotho,LSO,2010,36.1
Lesotho,LSO,2011,30.1
Lesotho,LSO,2012,31.2
Lesotho,LSO,2013,27.8
Lesotho,LSO,2014,28.2
Lesotho,LSO,2015,26.9
Lesotho,LSO,2016,29.9
Lesotho,LSO,2017,22.8
Lesotho,LSO,2018,23.9
Lesotho,LSO,2019,23.5
Lesotho,LSO,2020,24.8
Liberia,LBR,2007,54.5
Liberia,LBR,2008,52.1
Liberia,LBR,2009,22.5
Liberia,LBR,2010,22.2
Liberia,LBR,2011,21
Liberia,LBR,2012,24.2
Liberia,LBR,2013,23.8
Liberia,LBR,2014,21.8
Liberia,LBR,2015,18.2
Liberia,LBR,2016,22.7
Liberia,LBR,2017,21.7
Liberia,LBR,2018,20.1
Liberia,LBR,2019,23.8
Liberia,LBR,2020,23.2
Lithuania,LTU,2004,64.1
Lithuania,LTU,2005,64.1
Lithuania,LTU,2006,52
Lithuania,LTU,2007,43
Lithuania,LTU,2008,43.5
Lithuania,LTU,2009,46.8
Lithuania,LTU,2010,45.5
Lithuania,LTU,2011,40.4
Lithuania,LTU,2012,50.3
Lithuania,LTU,2013,47.9
Lithuania,LTU,2014,46.9
Lithuania,LTU,2015,45
Lithuania,LTU,2016,43.4
Lithuania,LTU,2017,39.7
Lithuania,LTU,2018,37.2
Lithuania,LTU,2019,36.8
Lithuania,LTU,2020,36.4
Low & middle income,,2003,58.0152117964172
Low & middle income,,2004,56.538290873206
Low & middle income,,2005,56.2125675418351
Low & middle income,,2006,52.3836707766134
Low & middle income,,2007,49.5899315777835
Low & middle income,,2008,46.16839675986
Low & middle income,,2009,43.2021820591886
Low & middle income,,2010,41.8958974270185
Low & middle income,,2011,37.7222868194875
Low & middle income,,2012,37.5324426746019
Low & middle income,,2013,34.4772140971795
Low & middle income,,2014,33.3138688977066
Low & middle income,,2015,31.1492017244732
Low & middle income,,2016,29.4710405087566
Low & middle income,,2017,28.1133052317754
Low & middle income,,2018,26.6735241691514
Low & middle income,,2019,25.666971274749
Low & middle income,,2020,24.8903620618162
Lower middle income,,2003,62.4298113757125
Lower middle income,,2004,60.5186882309628
Lower middle income,,2005,62.9013957933018
Lower middle income,,2006,59.5710739806353
Lower middle income,,2007,56.7154022533991
Lower middle income,,2008,54.5996722576993
Lower middle income,,2009,52.2205913114994
Lower middle income,,2010,52.1576256319285
Lower middle income,,2011,47.7400016235204
Lower middle income,,2012,47.8870420746297
Lower middle income,,2013,45.5032378820227
Lower middle income,,2014,44.3280481008883
Lower middle income,,2015,41.6336151370273
Lower middle income,,2016,38.8862310219126
Lower middle income,,2017,36.9110056026477
Lower middle income,,2018,34.6526117133691
Lower middle income,,2019,33.6082363787096
Lower middle income,,2020,32.6221844813496
Luxembourg,LUX,2003,1.4
Luxembourg,LUX,2004,1.3
Luxembourg,LUX,2005,1.5
Luxembourg,LUX,2006,1.5
Luxembourg,LUX,2007,0.7
Luxembourg,LUX,2008,1.2
Luxembourg,LUX,2009,0.8
Luxembourg,LUX,2010,0.7
Luxembourg,LUX,2011,1.2
Luxembourg,LUX,2012,1.9
Luxembourg,LUX,2013,1.3
Luxembourg,LUX,2014,1
Luxembourg,LUX,2015,1.6
Luxembourg,LUX,2016,1.3
Luxembourg,LUX,2017,1.8
Luxembourg,LUX,2018,2
Luxembourg,LUX,2019,1.9
Luxembourg,LUX,2020,1.5
Madagascar,MDG,2003,77.9
Madagascar,MDG,2004,68.8
Madagascar,MDG,2005,68.8
Madagascar,MDG,2006,70.2
Madagascar,MDG,2007,71.5
Madagascar,MDG,2008,73.9
Madagascar,MDG,2009,75.2
Madagascar,MDG,2010,74
Madagascar,MDG,2011,64.9
Madagascar,MDG,2012,70.1
Madagascar,MDG,2013,69.4
Madagascar,MDG,2014,60.4
Madagascar,MDG,2015,59
Madagascar,MDG,2016,54.8
Madagascar,MDG,2017,61.1
Madagascar,MDG,2018,68.7
Madagascar,MDG,2019,58.6
Madagascar,MDG,2020,57.4
Malawi,MWI,2003,59.2
Malawi,MWI,2004,29.6
Malawi,MWI,2005,27.6
Malawi,MWI,2006,26.9
Malawi,MWI,2007,35
Malawi,MWI,2008,26.1
Malawi,MWI,2009,31.8
Malawi,MWI,2010,34.4
Malawi,MWI,2011,25.1
Malawi,MWI,2012,26.2
Malawi,MWI,2013,19.1
Malawi,MWI,2014,22
Malawi,MWI,2015,29.2
Malawi,MWI,2016,26.5
Malawi,MWI,2017,23.6
Malawi,MWI,2018,22.3
Malawi,MWI,2019,21.8
Malawi,MWI,2020,22
Malaysia,MYS,2003,37
Malaysia,MYS,2004,33.9
Malaysia,MYS,2005,32.4
Malaysia,MYS,2006,30.2
Malaysia,MYS,2007,26.7
Malaysia,MYS,2008,26.7
Malaysia,MYS,2009,23.4
Malaysia,MYS,2010,24.6
Malaysia,MYS,2011,21.9
Malaysia,MYS,2012,20.5
Malaysia,MYS,2013,16.2
Malaysia,MYS,2014,15.1
Malaysia,MYS,2015,13.6
Malaysia,MYS,2016,14.1
Malaysia,MYS,2017,12.7
Malaysia,MYS,2018,11.9
Malaysia,MYS,2019,11.5
Malaysia,MYS,2020,10.4
Mali,MLI,2003,84.7
Mali,MLI,2004,78.7
Mali,MLI,2005,82.2
Mali,MLI,2006,80.9
Mali,MLI,2007,83.3
Mali,MLI,2008,82.6
Mali,MLI,2009,82
Mali,MLI,2010,74.7
Mali,MLI,2011,71.9
Mali,MLI,2012,66.2
Mali,MLI,2013,48.6
Mali,MLI,2014,48.3
Mali,MLI,2015,42.9
Mali,MLI,2016,45.6
Mali,MLI,2017,44.5
Mali,MLI,2018,45.5
Mali,MLI,2019,43.4
Mali,MLI,2020,43.5
Malta,MLT,2006,2.6
Malta,MLT,2007,3.2
Malta,MLT,2008,3.9
Malta,MLT,2009,4.5
Malta,MLT,2010,4
Malta,MLT,2011,3.8
Malta,MLT,2012,4
Malta,MLT,2013,2.9
Malta,MLT,2014,4.8
Malta,MLT,2015,5.4
Malta,MLT,2016,4
Malta,MLT,2017,4
Malta,MLT,2018,3.4
Malta,MLT,2019,3.8
Malta,MLT,2020,3.5
Mauritania,MRT,2003,72.4
Mauritania,MRT,2004,73.4
Mauritania,MRT,2005,72.2
Mauritania,MRT,2006,70.1
Mauritania,MRT,2007,67.5
Mauritania,MRT,2008,63.8
Mauritania,MRT,2009,66.7
Mauritania,MRT,2010,63.6
Mauritania,MRT,2011,63.2
Mauritania,MRT,2012,58.7
Mauritania,MRT,2013,52.9
Mauritania,MRT,2014,48
Mauritania,MRT,2015,44.4
Mauritania,MRT,2016,52.8
Mauritania,MRT,2017,50.9
Mauritania,MRT,2018,50.6
Mauritania,MRT,2019,48.8
Mauritania,MRT,2020,48.2
Mauritius,MUS,2006,21.1
Mauritius,MUS,2007,22.5
Mauritius,MUS,2008,20.3
Mauritius,MUS,2009,21
Mauritius,MUS,2010,17.8
Mauritius,MUS,2011,16
Mauritius,MUS,2012,17.4
Mauritius,MUS,2013,18.4
Mauritius,MUS,2014,15.7
Mauritius,MUS,2015,15.9
Mauritius,MUS,2016,14.9
Mauritius,MUS,2017,12.2
Mauritius,MUS,2018,11.1
Mauritius,MUS,2019,10.9
Mauritius,MUS,2020,10.5
Mexico,MEX,2003,21.4
Mexico,MEX,2004,20.8
Mexico,MEX,2005,19.8
Mexico,MEX,2006,18
Mexico,MEX,2007,17.4
Mexico,MEX,2008,17.9
Mexico,MEX,2009,18.8
Mexico,MEX,2010,14.8
Mexico,MEX,2011,13.7
Mexico,MEX,2012,15.4
Mexico,MEX,2013,15.1
Mexico,MEX,2014,14.4
Mexico,MEX,2015,14.8
Mexico,MEX,2016,11.4
Mexico,MEX,2017,11.1
Mexico,MEX,2018,10.8
Mexico,MEX,2019,10.1
Mexico,MEX,2020,10.7
Micronesia (country),FSM,2007,5.6
Middle East & North Africa,,2004,43.6925901531505
Middle East & North Africa,,2005,43.7552441842841
Middle East & North Africa,,2006,38.0516221548809
Middle East & North Africa,,2007,35.8365207229547
Middle East & North Africa,,2008,34.8665746367219
Middle East & North Africa,,2009,32.5939128692064
Middle East & North Africa,,2010,33.8271138985363
Middle East & North Africa,,2011,30.3225023773095
Middle East & North Africa,,2012,32.5592351982405
Middle East & North Africa,,2013,30.1925879767555
Middle East & North Africa,,2014,27.9828658169473
Middle East & North Africa,,2015,28.6002745244541
Middle East & North Africa,,2016,28.9216548541587
Middle East & North Africa,,2017,26.2338387901039
Middle East & North Africa,,2018,25.86827021334
Middle East & North Africa,,2019,24.3101721156583
Middle East & North Africa,,2020,22.5274085947381
Middle East & North Africa (IDA & IBRD),,2004,43.6925901531505
Middle East & North Africa (IDA & IBRD),,2005,43.7552441842841
Middle East & North Africa (IDA & IBRD),,2006,38.1039534477706
Middle East & North Africa (IDA & IBRD),,2007,35.8840556021226
Middle East & North Africa (IDA & IBRD),,2008,34.9112051545789
Middle East & North Africa (IDA & IBRD),,2009,32.6340210999861
Middle East & North Africa (IDA & IBRD),,2010,33.869188935975
Middle East & North Africa (IDA & IBRD),,2011,30.3588171557501
Middle East & North Africa (IDA & IBRD),,2012,32.5980070571911
Middle East & North Africa (IDA & IBRD),,2013,30.2295111594572
Middle East & North Africa (IDA & IBRD),,2014,28.7040794116204
Middle East & North Africa (IDA & IBRD),,2015,29.2828921808028
Middle East & North Africa (IDA & IBRD),,2016,29.5724119473343
Middle East & North Africa (IDA & IBRD),,2017,26.8262890345656
Middle East & North Africa (IDA & IBRD),,2018,26.4704378507227
Middle East & North Africa (IDA & IBRD),,2019,24.9804880969848
Middle East & North Africa (IDA & IBRD),,2020,23.1817885690352
Middle East & North Africa (excluding high income),,2004,43.6925901531505
Middle East & North Africa (excluding high income),,2005,43.7552441842841
Middle East & North Africa (excluding high income),,2006,38.1039534477705
Middle East & North Africa (excluding high income),,2007,35.8840556021226
Middle East & North Africa (excluding high income),,2008,34.9112051545789
Middle East & North Africa (excluding high income),,2009,32.6340210999861
Middle East & North Africa (excluding high income),,2010,33.869188935975
Middle East & North Africa (excluding high income),,2011,30.3588171557501
Middle East & North Africa (excluding high income),,2012,32.5980070571911
Middle East & North Africa (excluding high income),,2013,30.2295111594572
Middle East & North Africa (excluding high income),,2014,28.7040794116204
Middle East & North Africa (excluding high income),,2015,29.2828921808028
Middle East & North Africa (excluding high income),,2016,29.5724119473343
Middle East & North Africa (excluding high income),,2017,26.8262890345656
Middle East & North Africa (excluding high income),,2018,26.4704378507227
Middle East & North Africa (excluding high income),,2019,24.9804880969848
Middle East & North Africa (excluding high income),,2020,23.1817885690352
Middle income,,2003,57.7907176787583
Middle income,,2004,55.9086736852913
Middle income,,2005,55.5375594090556
Middle income,,2006,51.3891917174616
Middle income,,2007,48.3886535951276
Middle income,,2008,44.8480295138744
Middle income,,2009,41.7790896770476
Middle income,,2010,40.4272031690532
Middle income,,2011,36.0090626975282
Middle income,,2012,35.8240771967928
Middle income,,2013,32.7147488069377
Middle income,,2014,31.50509659895
Middle income,,2015,29.2486834746212
Middle income,,2016,27.4162320159087
Middle income,,2017,25.8830952205124
Middle income,,2018,24.2533099442703
Middle income,,2019,23.2114960537109
Middle income,,2020,22.6076892080358
Moldova,MDA,2003,54.2
Moldova,MDA,2004,34
Moldova,MDA,2005,39.9
Moldova,MDA,2006,33.7
Moldova,MDA,2007,31.1
Moldova,MDA,2008,33
Moldova,MDA,2009,28.2
Moldova,MDA,2010,21.8
Moldova,MDA,2011,23.7
Moldova,MDA,2012,17.3
Moldova,MDA,2013,15.1
Moldova,MDA,2014,8.4
Moldova,MDA,2015,14.4
Moldova,MDA,2016,14.1
Moldova,MDA,2017,10
Moldova,MDA,2018,8.3
Moldova,MDA,2019,7.4
Moldova,MDA,2020,6.8
Mongolia,MNG,2007,25.1
Morocco,MAR,2003,43.6
Morocco,MAR,2004,42.9
Morocco,MAR,2005,42.4
Morocco,MAR,2006,43.8
Morocco,MAR,2007,38.5
Morocco,MAR,2008,36.7
Morocco,MAR,2009,34.4
Morocco,MAR,2010,35.5
Morocco,MAR,2011,33.3
Morocco,MAR,2012,30.4
Morocco,MAR,2013,29.4
Morocco,MAR,2014,32
Morocco,MAR,2015,30.3
Morocco,MAR,2016,28.8
Morocco,MAR,2017,26.4
Morocco,MAR,2018,26.4
Morocco,MAR,2019,26.8
Morocco,MAR,2020,23.5
Mozambique,MOZ,2003,36.1
Mozambique,MOZ,2004,37.3
Mozambique,MOZ,2005,29.1
Mozambique,MOZ,2006,27
Mozambique,MOZ,2007,28.3
Mozambique,MOZ,2008,26.8
Mozambique,MOZ,2009,24.8
Mozambique,MOZ,2010,30.3
Mozambique,MOZ,2011,23.1
Mozambique,MOZ,2012,17.2
Mozambique,MOZ,2013,15.4
Mozambique,MOZ,2014,21.4
Mozambique,MOZ,2015,23.3
Mozambique,MOZ,2016,24.9
Mozambique,MOZ,2017,24.4
Mozambique,MOZ,2018,23.9
Mozambique,MOZ,2019,23.5
Mozambique,MOZ,2020,23.1
Namibia,NAM,2003,23
Namibia,NAM,2004,22
Namibia,NAM,2005,21.9
Namibia,NAM,2006,20.8
Namibia,NAM,2007,20.1
Namibia,NAM,2008,20.4
Namibia,NAM,2009,18.5
Namibia,NAM,2010,20.1
Namibia,NAM,2011,21
Namibia,NAM,2012,19.8
Namibia,NAM,2013,19.2
Namibia,NAM,2014,17.9
Namibia,NAM,2015,12.5
Namibia,NAM,2016,12.1
Namibia,NAM,2017,12.8
Namibia,NAM,2018,13
Namibia,NAM,2019,12.8
Namibia,NAM,2020,12.7
Nepal,NPL,2003,80.8
Nepal,NPL,2004,79.8
Nepal,NPL,2005,73.4
Nepal,NPL,2006,70.9
Nepal,NPL,2007,81.9
Nepal,NPL,2008,82.7
Nepal,NPL,2009,77.6
Nepal,NPL,2010,75.3
Nepal,NPL,2011,76.6
Nepal,NPL,2012,69
Nepal,NPL,2013,70.6
Nepal,NPL,2014,66.7
Nepal,NPL,2015,67.5
Nepal,NPL,2016,62.5
Nepal,NPL,2017,62.5
Nepal,NPL,2018,62
Nepal,NPL,2019,61.4
Nepal,NPL,2020,59.7
Netherlands,NLD,2003,0.1
Netherlands,NLD,2004,0.1
Netherlands,NLD,2005,0.1
Netherlands,NLD,2006,0.1
Netherlands,NLD,2007,0.1
Netherlands,NLD,2008,0.1
Netherlands,NLD,2009,0
Netherlands,NLD,2010,0
Netherlands,NLD,2011,0
Netherlands,NLD,2012,0.1
Netherlands,NLD,2013,0.1
Netherlands,NLD,2014,0.1
Netherlands,NLD,2015,0.1
Netherlands,NLD,2016,0.1
Netherlands,NLD,2017,0.1
Netherlands,NLD,2018,0.1
Netherlands,NLD,2019,0.1
Netherlands,NLD,2020,0.1
Nicaragua,NIC,2003,52.3
Nicaragua,NIC,2004,51.4
Nicaragua,NIC,2005,47
Nicaragua,NIC,2006,50.3
Nicaragua,NIC,2007,47.5
Nicaragua,NIC,2008,46.1
Nicaragua,NIC,2009,40.4
Nicaragua,NIC,2010,41.1
Nicaragua,NIC,2011,38.2
Nicaragua,NIC,2012,35.1
Nicaragua,NIC,2013,37.2
Nicaragua,NIC,2014,35.2
Nicaragua,NIC,2015,32.6
Nicaragua,NIC,2016,29.2
Nicaragua,NIC,2017,30.2
Nicaragua,NIC,2018,29.6
Nicaragua,NIC,2019,31.8
Nicaragua,NIC,2020,33.1
Niger,NER,2003,90.8
Niger,NER,2004,91
Niger,NER,2005,87.4
Niger,NER,2006,87.1
Niger,NER,2007,90.5
Niger,NER,2008,89.8
Niger,NER,2009,88.6
Niger,NER,2010,90.3
Niger,NER,2011,90.9
Niger,NER,2012,90.4
Niger,NER,2013,87.5
Niger,NER,2014,88.5
Niger,NER,2015,86
Niger,NER,2016,91.7
Niger,NER,2017,85.2
Niger,NER,2018,84.7
Niger,NER,2019,81.1
Niger,NER,2020,74.2
Nigeria,NGA,2003,45.6
Nigeria,NGA,2004,35.9
Nigeria,NGA,2007,37.7
Nigeria,NGA,2008,50.8
Nigeria,NGA,2009,51.6
Nigeria,NGA,2010,50.8
Nigeria,NGA,2011,52.8
Nigeria,NGA,2012,50.6
Nigeria,NGA,2013,43.4
Nigeria,NGA,2014,46.6
Nigeria,NGA,2015,45
Nigeria,NGA,2016,50.4
Nigeria,NGA,2017,53.5
Nigeria,NGA,2018,39
Nigeria,NGA,2019,40.5
Nigeria,NGA,2020,49.6
North America,,2003,0.960660344817603
North America,,2004,0.960657671382898
North America,,2005,0.880324799626771
North America,,2006,0.860633247174176
North America,,2007,0.950782649701979
North America,,2008,0.950721807130969
North America,,2009,0.77036235037122
North America,,2010,0.670286877572786
North America,,2011,0.670219372264637
North America,,2012,0.660166345123514
North America,,2013,0.750044620153093
North America,,2014,0.659937755904943
North America,,2015,0.659934106736979
North America,,2016,0.669840167488479
North America,,2017,0.559581325078316
North America,,2018,0.569443665261727
North America,,2019,0.569179295060921
North America,,2020,0.568974417738314
Norway,NOR,2003,0.3
Norway,NOR,2004,0.8
Norway,NOR,2005,0.5
Norway,NOR,2006,0.1
Norway,NOR,2007,0.2
Norway,NOR,2008,0.1
Norway,NOR,2009,0.1
Norway,NOR,2010,0.1
Norway,NOR,2011,0
Norway,NOR,2012,0
Norway,NOR,2013,0.1
Norway,NOR,2014,0.1
Norway,NOR,2015,0.1
Norway,NOR,2016,0.1
Norway,NOR,2017,0.1
Norway,NOR,2018,0.1
Norway,NOR,2019,0.1
Norway,NOR,2020,0.1
OECD members,,2003,4.04608915583192
OECD members,,2004,4.88329700955643
OECD members,,2005,4.75204054957088
OECD members,,2006,4.12102728938488
OECD members,,2007,4.00895210445861
OECD members,,2008,3.80817128392444
OECD members,,2009,3.67517095869633
OECD members,,2010,3.25584578858412
OECD members,,2011,3.03419404779421
OECD members,,2012,3.27472545870551
OECD members,,2013,3.25681684978639
OECD members,,2014,3.12527455980467
OECD members,,2015,3.11314818187203
OECD members,,2016,2.65799117611627
OECD members,,2017,2.49292268755481
OECD members,,2018,2.48907016102446
OECD members,,2019,2.53183363687103
OECD members,,2020,2.58170850373181
Other small states,,2006,39.7250320520361
Other small states,,2007,36.7509201384661
Other small states,,2008,35.1728760185744
Other small states,,2009,33.9977214574034
Other small states,,2010,31.9634514630731
Other small states,,2011,30.7760148376002
Other small states,,2012,31.6922795501899
Other small states,,2013,30.3135305398827
Other small states,,2014,30.6397630567426
Other small states,,2015,27.943383697284
Other small states,,2016,28.0446914628748
Other small states,,2017,25.9835179826305
Other small states,,2018,25.2210611548072
Other small states,,2019,25.7520296605925
Other small states,,2020,24.1054607871046
Pakistan,PAK,2003,75.3
Pakistan,PAK,2004,73.4
Pakistan,PAK,2005,73.3
Pakistan,PAK,2006,79.2
Pakistan,PAK,2007,73.5
Pakistan,PAK,2008,70.8
Pakistan,PAK,2009,74.3
Pakistan,PAK,2010,74
Pakistan,PAK,2011,70.1
Pakistan,PAK,2012,64.5
Pakistan,PAK,2013,64.6
Pakistan,PAK,2014,66.3
Pakistan,PAK,2015,64.3
Pakistan,PAK,2016,62.4
Pakistan,PAK,2017,53.4
Pakistan,PAK,2018,55.4
Pakistan,PAK,2019,51.3
Pakistan,PAK,2020,53.1
Panama,PAN,2003,31.8
Panama,PAN,2004,30
Panama,PAN,2005,29.3
Panama,PAN,2006,27.9
Panama,PAN,2007,24.3
Panama,PAN,2008,22.7
Panama,PAN,2009,22.6
Panama,PAN,2010,20.2
Panama,PAN,2011,21.4
Panama,PAN,2012,23
Panama,PAN,2013,20.5
Panama,PAN,2014,17.9
Panama,PAN,2015,18.9
Panama,PAN,2016,16.6
Panama,PAN,2017,18.3
Panama,PAN,2018,16.7
Panama,PAN,2019,16.1
Panama,PAN,2020,16.2
Papua New Guinea,PNG,2003,42.1
Papua New Guinea,PNG,2004,50.9
Papua New Guinea,PNG,2005,45
Papua New Guinea,PNG,2006,39.7
Papua New Guinea,PNG,2007,33.5
Papua New Guinea,PNG,2008,34.5
Papua New Guinea,PNG,2009,30.7
Papua New Guinea,PNG,2010,30.3
Papua New Guinea,PNG,2011,28.5
Papua New Guinea,PNG,2012,16.6
Papua New Guinea,PNG,2013,9.2
Papua New Guinea,PNG,2014,7.4
Papua New Guinea,PNG,2015,15.3
Papua New Guinea,PNG,2016,9.8
Papua New Guinea,PNG,2017,6.8
Papua New Guinea,PNG,2018,5.4
Papua New Guinea,PNG,2019,4.4
Papua New Guinea,PNG,2020,3.8
Paraguay,PRY,2003,47.5
Paraguay,PRY,2004,46
Paraguay,PRY,2005,43.5
Paraguay,PRY,2006,44
Paraguay,PRY,2007,43.7
Paraguay,PRY,2008,42.4
Paraguay,PRY,2009,34.9
Paraguay,PRY,2010,35.6
Paraguay,PRY,2011,34.9
Paraguay,PRY,2012,31.4
Paraguay,PRY,2013,31.9
Paraguay,PRY,2014,32.3
Paraguay,PRY,2015,27.8
Paraguay,PRY,2016,27.7
Paraguay,PRY,2017,27.6
Paraguay,PRY,2018,25
Paraguay,PRY,2019,25.2
Paraguay,PRY,2020,24.8
Peru,PER,2003,31.7
Peru,PER,2004,30.6
Peru,PER,2005,29.6
Peru,PER,2006,35.3
Peru,PER,2007,34.2
Peru,PER,2008,29
Peru,PER,2009,26.4
Peru,PER,2010,22.8
Peru,PER,2011,19.6
Peru,PER,2012,19.2
Peru,PER,2013,15.4
Peru,PER,2014,12.9
Peru,PER,2015,11.6
Peru,PER,2016,10.7
Peru,PER,2017,10.1
Peru,PER,2018,9.5
Peru,PER,2019,9.3
Peru,PER,2020,8.6
Philippines,PHL,2003,40.9
Philippines,PHL,2004,42.5
Philippines,PHL,2005,48.3
Philippines,PHL,2006,42.3
Philippines,PHL,2007,45.5
Philippines,PHL,2008,45.3
Philippines,PHL,2009,43.5
Philippines,PHL,2010,43.1
Philippines,PHL,2011,43.2
Philippines,PHL,2012,40.3
Philippines,PHL,2013,40.1
Philippines,PHL,2014,39.8
Philippines,PHL,2015,34.9
Philippines,PHL,2016,29.8
Philippines,PHL,2017,29.9
Philippines,PHL,2018,28.5
Philippines,PHL,2019,28.3
Philippines,PHL,2020,24.8
Poland,POL,2004,3.6
Poland,POL,2005,2.1
Poland,POL,2006,1.6
Poland,POL,2007,1
Poland,POL,2008,0.7
Poland,POL,2009,0.6
Poland,POL,2010,0.6
Poland,POL,2011,0.6
Poland,POL,2012,0.5
Poland,POL,2013,0.5
Poland,POL,2014,0.3
Poland,POL,2015,0.3
Poland,POL,2016,0.2
Poland,POL,2017,0.1
Poland,POL,2018,0.1
Poland,POL,2019,0.1
Poland,POL,2020,0.1
Portugal,PRT,2003,8.2
Portugal,PRT,2004,8.1
Portugal,PRT,2005,7.6
Portugal,PRT,2006,8.2
Portugal,PRT,2007,7.3
Portugal,PRT,2008,7.4
Portugal,PRT,2009,5.4
Portugal,PRT,2010,5.7
Portugal,PRT,2011,7.5
Portugal,PRT,2012,10
Portugal,PRT,2013,8.3
Portugal,PRT,2014,7.8
Portugal,PRT,2015,8
Portugal,PRT,2016,7.5
Portugal,PRT,2017,6.2
Portugal,PRT,2018,5.7
Portugal,PRT,2019,6.5
Portugal,PRT,2020,5
Post-demographic dividend,,2003,3.65561543324416
Post-demographic dividend,,2004,3.74148707296591
Post-demographic dividend,,2005,3.17279627360383
Post-demographic dividend,,2006,2.57300112266961
Post-demographic dividend,,2007,2.21408279434043
Post-demographic dividend,,2008,1.86843841520437
Post-demographic dividend,,2009,1.98588500205633
Post-demographic dividend,,2010,1.85230036394815
Post-demographic dividend,,2011,1.76225955318392
Post-demographic dividend,,2012,1.70146512043044
Post-demographic dividend,,2013,1.71409181330603
Post-demographic dividend,,2014,1.86751859184739
Post-demographic dividend,,2015,2.31719969781308
Post-demographic dividend,,2016,2.12951225244771
Post-demographic dividend,,2017,1.73099402562481
Post-demographic dividend,,2018,1.57493890415119
Post-demographic dividend,,2019,1.53520853461262
Post-demographic dividend,,2020,1.31528196266854
Pre-demographic dividend,,2003,59.5834679388765
Pre-demographic dividend,,2004,59.8250806981043
Pre-demographic dividend,,2007,57.0362320921677
Pre-demographic dividend,,2008,58.5432340531701
Pre-demographic dividend,,2009,57.0738736046373
Pre-demographic dividend,,2010,56.2225167407505
Pre-demographic dividend,,2011,55.348785335931
Pre-demographic dividend,,2012,56.2604198656178
Pre-demographic dividend,,2013,53.5151599018464
Pre-demographic dividend,,2014,54.0303487624632
Pre-demographic dividend,,2015,52.7445296295745
Pre-demographic dividend,,2016,52.8198455372235
Pre-demographic dividend,,2017,53.8315295404859
Pre-demographic dividend,,2018,51.50717381591
Pre-demographic dividend,,2019,51.6342062430234
Pre-demographic dividend,,2020,52.2413921513523
Romania,ROU,2004,3.4
Romania,ROU,2006,2.4
Romania,ROU,2007,1.1
Romania,ROU,2008,0.8
Romania,ROU,2009,0.9
Romania,ROU,2010,0.9
Romania,ROU,2011,1.5
Romania,ROU,2012,1.4
Romania,ROU,2013,1.3
Romania,ROU,2014,1
Romania,ROU,2015,0.8
Romania,ROU,2016,0.5
Romania,ROU,2017,0.6
Romania,ROU,2018,0.5
Romania,ROU,2019,0.4
Romania,ROU,2020,0.4
Russia,RUS,2003,42.8
Russia,RUS,2004,41.4
Russia,RUS,2005,34.4
Russia,RUS,2006,29.3
Russia,RUS,2007,29.6
Russia,RUS,2008,24.6
Russia,RUS,2009,26.4
Russia,RUS,2010,23.7
Russia,RUS,2011,23.6
Russia,RUS,2012,21.3
Russia,RUS,2013,21.6
Russia,RUS,2014,19.5
Russia,RUS,2015,23.9
Russia,RUS,2016,25
Russia,RUS,2017,23.1
Russia,RUS,2018,22
Russia,RUS,2019,22.7
Russia,RUS,2020,22.1
Rwanda,RWA,2003,50.2
Rwanda,RWA,2004,61.7
Rwanda,RWA,2005,65.5
Rwanda,RWA,2006,64.2
Rwanda,RWA,2007,51.9
Rwanda,RWA,2008,45.6
Rwanda,RWA,2009,38.3
Rwanda,RWA,2010,31.7
Rwanda,RWA,2011,24.6
Rwanda,RWA,2012,20.5
Rwanda,RWA,2013,18.7
Rwanda,RWA,2014,17.4
Rwanda,RWA,2015,16.6
Rwanda,RWA,2016,12.3
Rwanda,RWA,2017,9.7
Rwanda,RWA,2018,9.4
Rwanda,RWA,2019,8.4
Rwanda,RWA,2020,8.3
Senegal,SEN,2003,48.6
Senegal,SEN,2004,49.2
Senegal,SEN,2005,32.6
Senegal,SEN,2006,30.7
Senegal,SEN,2007,34.1
Senegal,SEN,2008,33.2
Senegal,SEN,2009,35.4
Senegal,SEN,2010,36
Senegal,SEN,2011,42.6
Senegal,SEN,2012,42
Senegal,SEN,2013,46
Senegal,SEN,2014,41.2
Senegal,SEN,2015,40.9
Senegal,SEN,2016,39.8
Senegal,SEN,2017,41.7
Senegal,SEN,2018,39.6
Senegal,SEN,2019,37.7
Senegal,SEN,2020,37.4
Serbia,SRB,2012,10.6
Serbia,SRB,2013,12.8
Serbia,SRB,2014,13.5
Serbia,SRB,2015,13.8
Serbia,SRB,2016,12.4
Serbia,SRB,2017,9.2
Serbia,SRB,2018,9.2
Serbia,SRB,2019,9.1
Serbia,SRB,2020,8.2
Seychelles,SYC,2013,12
Seychelles,SYC,2014,9
Seychelles,SYC,2015,8.5
Seychelles,SYC,2016,7.6
Seychelles,SYC,2017,6.1
Seychelles,SYC,2018,6.2
Seychelles,SYC,2019,5.6
Seychelles,SYC,2020,5
Sierra Leone,SLE,2003,89.4
Sierra Leone,SLE,2004,88.1
Sierra Leone,SLE,2005,88.8
Sierra Leone,SLE,2006,91.1
Sierra Leone,SLE,2007,91.3
Sierra Leone,SLE,2008,89.3
Sierra Leone,SLE,2009,87.7
Sierra Leone,SLE,2010,89.6
Sierra Leone,SLE,2011,85.4
Sierra Leone,SLE,2012,86
Sierra Leone,SLE,2013,72
Sierra Leone,SLE,2014,50.8
Sierra Leone,SLE,2015,52.8
Sierra Leone,SLE,2016,57.9
Sierra Leone,SLE,2017,68.3
Sierra Leone,SLE,2018,65
Sierra Leone,SLE,2019,59.6
Sierra Leone,SLE,2020,50.4
Slovakia,SVK,2004,0.1
Slovakia,SVK,2005,0.3
Slovakia,SVK,2006,0.2
Slovakia,SVK,2007,0.1
Slovakia,SVK,2008,0
Slovakia,SVK,2009,0.1
Slovakia,SVK,2010,0.1
Slovakia,SVK,2011,0.1
Slovakia,SVK,2012,0.1
Slovakia,SVK,2013,0.1
Slovakia,SVK,2014,0
Slovakia,SVK,2015,0
Slovakia,SVK,2016,0
Slovakia,SVK,2017,0
Slovakia,SVK,2018,0
Slovakia,SVK,2019,0
Slovakia,SVK,2020,0
Slovenia,SVN,2003,1.7
Slovenia,SVN,2004,1.1
Slovenia,SVN,2005,1.5
Slovenia,SVN,2006,1
Slovenia,SVN,2007,1.2
Slovenia,SVN,2008,0.8
Slovenia,SVN,2009,0.7
Slovenia,SVN,2010,0.8
Slovenia,SVN,2011,0.9
Slovenia,SVN,2012,1.2
Slovenia,SVN,2013,1.4
Slovenia,SVN,2014,1.4
Slovenia,SVN,2015,1.1
Slovenia,SVN,2016,0.7
Slovenia,SVN,2017,0.5
Slovenia,SVN,2018,0.9
Slovenia,SVN,2019,0.8
Slovenia,SVN,2020,0.5
Small states,,2007,32.658209225928
Solomon Islands,SLB,2007,7.7
South Africa,ZAF,2003,15.6
South Africa,ZAF,2004,14.9
South Africa,ZAF,2005,22.4
South Africa,ZAF,2006,21.6
South Africa,ZAF,2007,21
South Africa,ZAF,2008,17.6
South Africa,ZAF,2009,16.8
South Africa,ZAF,2010,15.6
South Africa,ZAF,2011,15.5
South Africa,ZAF,2012,15.1
South Africa,ZAF,2013,15.4
South Africa,ZAF,2014,15
South Africa,ZAF,2015,15.1
South Africa,ZAF,2016,15.4
South Africa,ZAF,2017,14.9
South Africa,ZAF,2018,15.5
South Africa,ZAF,2019,15.4
South Africa,ZAF,2020,15
South Asia,,2003,73.2509264239328
South Asia,,2004,71.9089109117207
South Asia,,2005,73.2317039880592
South Asia,,2006,70.3976863386766
South Asia,,2007,68.9031755859603
South Asia,,2008,65.1472681820876
South Asia,,2009,62.3767383380328
South Asia,,2010,61.2195260015157
South Asia,,2011,54.4661679614241
South Asia,,2012,56.504366667465
South Asia,,2013,54.0361177383822
South Asia,,2014,53.1808887473815
South Asia,,2015,49.1139753934644
South Asia,,2016,45.1107158612267
South Asia,,2017,42.312039174481
South Asia,,2018,39.6598557309071
South Asia,,2019,38.2777804958269
South Asia,,2020,36.3686185923546
South Asia (IDA & IBRD),,2003,73.2509264239328
South Asia (IDA & IBRD),,2004,71.9089109117207
South Asia (IDA & IBRD),,2005,73.2317039880592
South Asia (IDA & IBRD),,2006,70.3976863386766
South Asia (IDA & IBRD),,2007,68.9031755859603
South Asia (IDA & IBRD),,2008,65.1472681820876
South Asia (IDA & IBRD),,2009,62.3767383380328
South Asia (IDA & IBRD),,2010,61.2195260015157
South Asia (IDA & IBRD),,2011,54.4661679614241
South Asia (IDA & IBRD),,2012,56.504366667465
South Asia (IDA & IBRD),,2013,54.0361177383822
South Asia (IDA & IBRD),,2014,53.1808887473815
South Asia (IDA & IBRD),,2015,49.1139753934644
South Asia (IDA & IBRD),,2016,45.1107158612267
South Asia (IDA & IBRD),,2017,42.312039174481
South Asia (IDA & IBRD),,2018,39.6598557309071
South Asia (IDA & IBRD),,2019,38.2777804958269
South Asia (IDA & IBRD),,2020,36.3686185923546
South Korea,KOR,2006,0.5
South Korea,KOR,2007,0.5
South Korea,KOR,2008,0.6
South Korea,KOR,2009,0.5
South Korea,KOR,2010,0.4
South Korea,KOR,2011,0.4
South Korea,KOR,2012,0.3
South Korea,KOR,2013,0.3
South Korea,KOR,2014,0.3
South Korea,KOR,2015,0.3
South Korea,KOR,2016,0.2
South Korea,KOR,2017,0.3
South Korea,KOR,2018,0.3
South Korea,KOR,2019,0.2
South Korea,KOR,2020,0.2
Spain,ESP,2003,0.7
Spain,ESP,2004,1
Spain,ESP,2005,0.7
Spain,ESP,2006,0.8
Spain,ESP,2007,0.9
Spain,ESP,2008,0.8
Spain,ESP,2009,0.9
Spain,ESP,2010,1.1
Spain,ESP,2011,1.5
Spain,ESP,2012,1.7
Spain,ESP,2013,2
Spain,ESP,2014,2
Spain,ESP,2015,1.9
Spain,ESP,2016,1.7
Spain,ESP,2017,1.2
Spain,ESP,2018,1.4
Spain,ESP,2019,1.1
Spain,ESP,2020,1.2
Sri Lanka,LKA,2003,44.3
Sri Lanka,LKA,2004,47.7
Sri Lanka,LKA,2005,47.1
Sri Lanka,LKA,2006,45.4
Sri Lanka,LKA,2007,43.2
Sri Lanka,LKA,2008,47.8
Sri Lanka,LKA,2009,48.7
Sri Lanka,LKA,2010,46.7
Sri Lanka,LKA,2011,38.6
Sri Lanka,LKA,2012,40.3
Sri Lanka,LKA,2013,34.7
Sri Lanka,LKA,2014,36.3
Sri Lanka,LKA,2015,33
Sri Lanka,LKA,2016,34.1
Sri Lanka,LKA,2017,28.6
Sri Lanka,LKA,2018,30.9
Sri Lanka,LKA,2019,29.7
Sri Lanka,LKA,2020,27.4
Sub-Saharan Africa,,2004,55.6016189334598
Sub-Saharan Africa,,2007,54.5348293594548
Sub-Saharan Africa,,2008,55.8086577092408
Sub-Saharan Africa,,2009,54.2748131210295
Sub-Saharan Africa,,2010,53.0406711410539
Sub-Saharan Africa,,2011,52.1880737141681
Sub-Saharan Africa,,2012,51.4082101356398
Sub-Saharan Africa,,2013,48.7843280215787
Sub-Saharan Africa,,2014,49.0760598554034
Sub-Saharan Africa,,2015,47.6108177113678
Sub-Saharan Africa,,2016,47.8918172716988
Sub-Saharan Africa,,2017,49.275668083875
Sub-Saharan Africa,,2018,47.4763154398803
Sub-Saharan Africa,,2019,47.0715391193196
Sub-Saharan Africa,,2020,47.5574986194449
Sub-Saharan Africa (IDA & IBRD),,2004,55.6016189334599
Sub-Saharan Africa (IDA & IBRD),,2007,54.5348293594548
Sub-Saharan Africa (IDA & IBRD),,2008,55.8086577092408
Sub-Saharan Africa (IDA & IBRD),,2009,54.2748131210295
Sub-Saharan Africa (IDA & IBRD),,2010,53.0406711410539
Sub-Saharan Africa (IDA & IBRD),,2011,52.1880737141681
Sub-Saharan Africa (IDA & IBRD),,2012,51.4082101356398
Sub-Saharan Africa (IDA & IBRD),,2013,48.7843280215787
Sub-Saharan Africa (IDA & IBRD),,2014,49.0760598554035
Sub-Saharan Africa (IDA & IBRD),,2015,47.6108177113678
Sub-Saharan Africa (IDA & IBRD),,2016,47.8918172716988
Sub-Saharan Africa (IDA & IBRD),,2017,49.2756680838751
Sub-Saharan Africa (IDA & IBRD),,2018,47.4763154398803
Sub-Saharan Africa (IDA & IBRD),,2019,47.0715391193197
Sub-Saharan Africa (IDA & IBRD),,2020,47.5574986194449
Sub-Saharan Africa (excluding high income),,2004,55.6016189334598
Sub-Saharan Africa (excluding high income),,2007,54.5348293594548
Sub-Saharan Africa (excluding high income),,2008,55.8086577092408
Sub-Saharan Africa (excluding high income),,2009,54.2748131210295
Sub-Saharan Africa (excluding high income),,2010,53.0406711410539
Sub-Saharan Africa (excluding high income),,2011,52.1880737141681
Sub-Saharan Africa (excluding high income),,2012,51.4082101356398
Sub-Saharan Africa (excluding high income),,2013,48.7886605233473
Sub-Saharan Africa (excluding high income),,2014,49.0807241125392
Sub-Saharan Africa (excluding high income),,2015,47.6153463991093
Sub-Saharan Africa (excluding high income),,2016,47.896554720142
Sub-Saharan Africa (excluding high income),,2017,49.2806689695878
Sub-Saharan Africa (excluding high income),,2018,47.4808780109009
Sub-Saharan Africa (excluding high income),,2019,47.0760421725173
Sub-Saharan Africa (excluding high income),,2020,47.5620971588324
Sudan,SDN,2009,47
Sudan,SDN,2010,55.2
Sudan,SDN,2011,59.1
Sudan,SDN,2012,62.7
Sudan,SDN,2013,67.5
Sudan,SDN,2014,63.6
Sudan,SDN,2015,59.4
Sudan,SDN,2016,66.2
Sudan,SDN,2017,64
Sudan,SDN,2018,68.8
Sudan,SDN,2019,70.8
Sudan,SDN,2020,71.1
Suriname,SUR,2007,32
Sweden,SWE,2003,0.1
Sweden,SWE,2004,0.1
Sweden,SWE,2005,0.2
Sweden,SWE,2006,0.1
Sweden,SWE,2007,0.2
Sweden,SWE,2008,0.3
Sweden,SWE,2009,0.2
Sweden,SWE,2010,0.2
Sweden,SWE,2011,0.1
Sweden,SWE,2012,0.1
Sweden,SWE,2013,0.2
Sweden,SWE,2014,0.1
Sweden,SWE,2015,0.2
Sweden,SWE,2016,0.2
Sweden,SWE,2017,0.1
Sweden,SWE,2018,0.1
Sweden,SWE,2019,0.1
Sweden,SWE,2020,0.1
Switzerland,CHE,2003,3.1
Switzerland,CHE,2004,2.9
Switzerland,CHE,2005,3.1
Switzerland,CHE,2006,3.5
Switzerland,CHE,2007,3.9
Switzerland,CHE,2008,3.3
Switzerland,CHE,2009,2.7
Switzerland,CHE,2010,2.8
Switzerland,CHE,2011,2.2
Switzerland,CHE,2012,2.3
Switzerland,CHE,2013,2.6
Switzerland,CHE,2014,2.7
Switzerland,CHE,2015,2.4
Switzerland,CHE,2016,3.4
Switzerland,CHE,2017,2.9
Switzerland,CHE,2018,2.6
Switzerland,CHE,2019,2.6
Switzerland,CHE,2020,2.9
Syria,SYR,2004,51.4
Syria,SYR,2005,51.2
Syria,SYR,2006,53.6
Syria,SYR,2007,56.3
Syria,SYR,2008,57.3
Syria,SYR,2009,55.1
Syria,SYR,2010,57.1
Syria,SYR,2011,54
Syria,SYR,2012,53.4
Syria,SYR,2013,51.5
Syria,SYR,2014,50.3
Syria,SYR,2015,45.3
Syria,SYR,2016,46.1
Syria,SYR,2017,41.4
Syria,SYR,2018,40.7
Syria,SYR,2019,40.4
Syria,SYR,2020,37.1
Tajikistan,TJK,2003,78.8
Tajikistan,TJK,2004,72.8
Tajikistan,TJK,2005,69.6
Tajikistan,TJK,2006,70.7
Tajikistan,TJK,2007,68
Tajikistan,TJK,2008,64
Tajikistan,TJK,2009,65.1
Tajikistan,TJK,2010,64.4
Tajikistan,TJK,2011,52.1
Tajikistan,TJK,2012,58.9
Tajikistan,TJK,2013,54.2
Tajikistan,TJK,2014,50.2
Tajikistan,TJK,2015,53.5
Tajikistan,TJK,2016,54.6
Tajikistan,TJK,2017,52.4
Tajikistan,TJK,2018,52.8
Tajikistan,TJK,2019,50.4
Tajikistan,TJK,2020,49.9
Tanzania,TZA,2003,80.2
Tanzania,TZA,2004,78
Tanzania,TZA,2005,73.3
Tanzania,TZA,2006,59.4
Tanzania,TZA,2007,62.5
Tanzania,TZA,2008,70.7
Tanzania,TZA,2009,72.3
Tanzania,TZA,2010,66
Tanzania,TZA,2011,55.2
Tanzania,TZA,2012,52.6
Tanzania,TZA,2013,53.2
Tanzania,TZA,2014,54.2
Tanzania,TZA,2015,52.2
Tanzania,TZA,2016,46.1
Tanzania,TZA,2017,50.3
Tanzania,TZA,2018,52
Tanzania,TZA,2019,53.4
Tanzania,TZA,2020,50
Thailand,THA,2003,14.4
Thailand,THA,2004,13.3
Thailand,THA,2005,14.8
Thailand,THA,2006,7.1
Thailand,THA,2007,4.2
Thailand,THA,2008,3.9
Thailand,THA,2009,4.4
Thailand,THA,2010,3.7
Thailand,THA,2011,2.2
Thailand,THA,2012,2.8
Thailand,THA,2013,1.7
Thailand,THA,2014,1.6
Thailand,THA,2015,1.3
Thailand,THA,2016,1.3
Thailand,THA,2017,0.9
Thailand,THA,2018,0.9
Thailand,THA,2019,0.9
Thailand,THA,2020,0.7
Timor,TLS,2003,64.5
Timor,TLS,2004,60.7
Timor,TLS,2005,57.1
Timor,TLS,2006,41.7
Timor,TLS,2007,32.8
Timor,TLS,2008,16.3
Timor,TLS,2009,7.7
Timor,TLS,2010,11.9
Timor,TLS,2011,8.5
Timor,TLS,2012,7.6
Timor,TLS,2013,5.5
Timor,TLS,2014,6.9
Timor,TLS,2015,4.9
Timor,TLS,2016,7.4
Timor,TLS,2017,4.8
Timor,TLS,2018,5.8
Timor,TLS,2019,5.8
Timor,TLS,2020,4.9
Togo,TGO,2006,84.5
Togo,TGO,2007,83.9
Togo,TGO,2008,82.4
Togo,TGO,2009,82.9
Togo,TGO,2010,80.8
Togo,TGO,2011,82.1
Togo,TGO,2012,81.7
Togo,TGO,2013,79.4
Togo,TGO,2014,76.8
Togo,TGO,2015,76.7
Togo,TGO,2016,72.9
Togo,TGO,2017,76.4
Togo,TGO,2018,78.7
Togo,TGO,2019,76.4
Togo,TGO,2020,75.4
Tonga,TON,2007,2.3
Tunisia,TUN,2003,43.9
Tunisia,TUN,2004,43.5
Tunisia,TUN,2005,39.6
Tunisia,TUN,2006,39.7
Tunisia,TUN,2007,36.1
Tunisia,TUN,2008,34.2
Tunisia,TUN,2009,30.9
Tunisia,TUN,2010,27.4
Tunisia,TUN,2011,23.3
Tunisia,TUN,2012,20.6
Tunisia,TUN,2013,16.2
Tunisia,TUN,2014,15.9
Tunisia,TUN,2015,10.1
Tunisia,TUN,2016,9.9
Tunisia,TUN,2017,8.9
Tunisia,TUN,2018,7.9
Tunisia,TUN,2019,6.5
Tunisia,TUN,2020,6
Turkey,TUR,2003,3.1
Turkey,TUR,2004,2.7
Turkey,TUR,2005,3.6
Turkey,TUR,2006,2
Turkey,TUR,2007,1.6
Turkey,TUR,2008,1.3
Turkey,TUR,2009,0.8
Turkey,TUR,2010,1
Turkey,TUR,2011,0.8
Turkey,TUR,2012,0.9
Turkey,TUR,2013,0.9
Turkey,TUR,2014,1.2
Turkey,TUR,2015,1.5
Turkey,TUR,2016,1
Turkey,TUR,2017,0.9
Turkey,TUR,2018,1.1
Turkey,TUR,2019,1.2
Turkey,TUR,2020,1
Turkmenistan,TKM,2003,70.4
Turkmenistan,TKM,2004,69.1
Turkmenistan,TKM,2005,66.6
Turkmenistan,TKM,2006,59.9
Turkmenistan,TKM,2007,50.6
Turkmenistan,TKM,2008,50.1
Turkmenistan,TKM,2009,40.9
Turkmenistan,TKM,2010,35.6
Turkmenistan,TKM,2011,30.2
Turkmenistan,TKM,2012,25.9
Turkmenistan,TKM,2013,21.5
Turkmenistan,TKM,2014,17.9
Turkmenistan,TKM,2015,18
Turkmenistan,TKM,2016,15.7
Turkmenistan,TKM,2017,12.8
Turkmenistan,TKM,2018,10.3
Turkmenistan,TKM,2019,8.2
Turkmenistan,TKM,2020,7.2
Uganda,UGA,2003,71.2
Uganda,UGA,2004,76.5
Uganda,UGA,2005,77.5
Uganda,UGA,2006,81.2
Uganda,UGA,2007,77.4
Uganda,UGA,2008,77.6
Uganda,UGA,2009,71.5
Uganda,UGA,2010,66.4
Uganda,UGA,2011,69.7
Uganda,UGA,2012,74.5
Uganda,UGA,2013,73.5
Uganda,UGA,2014,70
Uganda,UGA,2015,73.1
Uganda,UGA,2016,70.7
Uganda,UGA,2017,70.2
Uganda,UGA,2018,67.2
Uganda,UGA,2019,71.7
Uganda,UGA,2020,64.7
Ukraine,UKR,2003,43.5
Ukraine,UKR,2004,34.8
Ukraine,UKR,2005,26.2
Ukraine,UKR,2006,18.6
Ukraine,UKR,2007,12.2
Ukraine,UKR,2008,9.3
Ukraine,UKR,2009,12.1
Ukraine,UKR,2010,11.7
Ukraine,UKR,2011,9.3
Ukraine,UKR,2012,6.7
Ukraine,UKR,2013,6.2
Ukraine,UKR,2014,11.8
Ukraine,UKR,2015,21.9
Ukraine,UKR,2016,21.4
Ukraine,UKR,2017,14.8
Ukraine,UKR,2018,12.2
Ukraine,UKR,2019,12
Ukraine,UKR,2020,7.5
United Arab Emirates,ARE,2014,4
United Arab Emirates,ARE,2015,5.7
United Arab Emirates,ARE,2016,7.1
United Arab Emirates,ARE,2017,6.3
United Arab Emirates,ARE,2018,5.6
United Arab Emirates,ARE,2019,4.2
United Arab Emirates,ARE,2020,2.8
United Kingdom,GBR,2003,0.2
United Kingdom,GBR,2004,0.1
United Kingdom,GBR,2005,0
United Kingdom,GBR,2006,0.1
United Kingdom,GBR,2007,0.1
United Kingdom,GBR,2008,0
United Kingdom,GBR,2009,0
United Kingdom,GBR,2010,0
United Kingdom,GBR,2011,0
United Kingdom,GBR,2012,0
United Kingdom,GBR,2013,0.1
United Kingdom,GBR,2014,0.1
United Kingdom,GBR,2015,0.1
United Kingdom,GBR,2016,0.1
United Kingdom,GBR,2017,0.1
United Kingdom,GBR,2018,0.1
United Kingdom,GBR,2019,0.1
United Kingdom,GBR,2020,0.1
United States,USA,2003,1
United States,USA,2004,1
United States,USA,2005,0.9
United States,USA,2006,0.9
United States,USA,2007,1
United States,USA,2008,1
United States,USA,2009,0.8
United States,USA,2010,0.7
United States,USA,2011,0.7
United States,USA,2012,0.7
United States,USA,2013,0.8
United States,USA,2014,0.7
United States,USA,2015,0.7
United States,USA,2016,0.7
United States,USA,2017,0.6
United States,USA,2018,0.6
United States,USA,2019,0.6
United States,USA,2020,0.6
Upper middle income,,2003,52.64187132601
Upper middle income,,2004,50.6466222517592
Upper middle income,,2005,47.4367782084177
Upper middle income,,2006,42.5451118420367
Upper middle income,,2007,38.6491129984593
Upper middle income,,2008,33.409637859191
Upper middle income,,2009,29.4237593886375
Upper middle income,,2010,26.4234457856859
Upper middle income,,2011,21.9188289646232
Upper middle income,,2012,21.2151587120372
Upper middle income,,2013,17.1108345786736
Upper middle income,,2014,15.7453183945668
Upper middle income,,2015,13.916586826308
Upper middle income,,2016,13.2300855695619
Upper middle income,,2017,12.1505319993884
Upper middle income,,2018,11.1000335913604
Upper middle income,,2019,9.73991050896888
Upper middle income,,2020,9.51804570426562
Uruguay,URY,2003,12.6
Uruguay,URY,2004,14.7
Uruguay,URY,2005,14.5
Uruguay,URY,2006,14.2
Uruguay,URY,2007,13.5
Uruguay,URY,2008,9.8
Uruguay,URY,2009,9.5
Uruguay,URY,2010,7.8
Uruguay,URY,2011,5.5
Uruguay,URY,2012,3.4
Uruguay,URY,2013,3.2
Uruguay,URY,2014,2.7
Uruguay,URY,2015,2.7
Uruguay,URY,2016,2.6
Uruguay,URY,2017,2.7
Uruguay,URY,2018,2.4
Uruguay,URY,2019,2.4
Uruguay,URY,2020,2.8
Uzbekistan,UZB,2003,86.1
Uzbekistan,UZB,2004,83.1
Uzbekistan,UZB,2005,78.6
Uzbekistan,UZB,2006,73.1
Uzbekistan,UZB,2007,72.6
Uzbekistan,UZB,2008,70.1
Uzbekistan,UZB,2009,62.9
Uzbekistan,UZB,2010,58.6
Uzbekistan,UZB,2011,54.2
Uzbekistan,UZB,2012,49.7
Uzbekistan,UZB,2013,45.8
Uzbekistan,UZB,2014,34.7
Uzbekistan,UZB,2015,36.8
Uzbekistan,UZB,2016,38.3
Uzbekistan,UZB,2017,35.5
Uzbekistan,UZB,2018,32.4
Uzbekistan,UZB,2019,33
Uzbekistan,UZB,2020,31.2
Vanuatu,VUT,2010,4
Vanuatu,VUT,2011,3.5
Vanuatu,VUT,2012,3.4
Vanuatu,VUT,2013,2.6
Vanuatu,VUT,2014,3.7
Vanuatu,VUT,2015,2.9
Vanuatu,VUT,2016,3.4
Vanuatu,VUT,2017,3.7
Vanuatu,VUT,2018,3.3
Vanuatu,VUT,2019,3.9
Vanuatu,VUT,2020,2.9
Venezuela,VEN,2003,21.3
Venezuela,VEN,2004,19.6
Venezuela,VEN,2005,22.3
Venezuela,VEN,2006,11.3
Venezuela,VEN,2007,10.5
Venezuela,VEN,2008,13.3
Venezuela,VEN,2009,14.8
Venezuela,VEN,2010,14.5
Venezuela,VEN,2011,12.3
Venezuela,VEN,2012,9.4
Venezuela,VEN,2013,10.6
Venezuela,VEN,2014,10.8
Venezuela,VEN,2015,10.1
Venezuela,VEN,2016,14
Venezuela,VEN,2017,22.5
Venezuela,VEN,2018,22.5
Venezuela,VEN,2019,25.1
Venezuela,VEN,2020,24.4
Vietnam,VNM,2003,57.5
Vietnam,VNM,2004,52.7
Vietnam,VNM,2005,49.6
Vietnam,VNM,2006,48
Vietnam,VNM,2007,45.9
Vietnam,VNM,2008,40.6
Vietnam,VNM,2009,37.7
Vietnam,VNM,2010,40.6
Vietnam,VNM,2011,38.9
Vietnam,VNM,2012,38.2
Vietnam,VNM,2013,34.8
Vietnam,VNM,2014,33.7
Vietnam,VNM,2015,33.6
Vietnam,VNM,2016,32.2
Vietnam,VNM,2017,28.8
Vietnam,VNM,2018,29.5
Vietnam,VNM,2019,24.9
Vietnam,VNM,2020,21.7
World,OWID_WRL,2003,49.928054011796
World,OWID_WRL,2004,48.48566457947
World,OWID_WRL,2005,48.0166968666972
World,OWID_WRL,2006,44.435301746617
World,OWID_WRL,2007,42.3632151215243
World,OWID_WRL,2008,38.6819589688003
World,OWID_WRL,2009,36.2625517861297
World,OWID_WRL,2010,35.2068270990692
World,OWID_WRL,2011,31.7700254012392
World,OWID_WRL,2012,31.6634449074615
World,OWID_WRL,2013,29.1551295595375
World,OWID_WRL,2014,28.1666456577489
World,OWID_WRL,2015,26.3840110476681
World,OWID_WRL,2016,24.9910737687906
World,OWID_WRL,2017,23.9012739542223
World,OWID_WRL,2018,22.7257055451377
World,OWID_WRL,2019,21.9127680228059
World,OWID_WRL,2020,21.2765311462973